line,xor,penalty,greedy_or,budget
1,61,0,47,230
2,61,3,1000,1000
3,61,3,1000,1000
4,61,3,1000,1000
5,61,3,1000,1000
6,61,3,1000,1000
7,62,3,1000,1000
8,61,5,1000,1000
9,63,0,48,237
10,63,0,48,237
11,61,5,1000,1000
12,63,0,48,237
16,61,3,1000,1000
18,62,3,1000,1000
19,63,0,48,237
20,61,5,1000,1000
21,63,0,48,237
22,63,0,48,237
23,61,5,1000,1000
29,63,0,49,238
30,62,0,47,233
31,62,0,47,233
33,63,0,48,237
34,63,0,48,237
35,63,0,48,237
36,63,0,47,236
37,63,0,48,237
38,63,0,48,237
39,63,0,48,237
40,63,0,48,237
42,63,0,48,237
43,63,0,48,237
47,63,0,49,238
48,62,0,47,233
49,62,0,47,233
50,63,3,1000,1000
52,63,0,47,236
53,63,0,48,237
54,63,0,48,237
55,63,0,48,237
56,63,0,47,236
57,63,0,48,237
58,63,0,48,237
59,63,0,48,237
60,63,0,48,237
62,63,0,48,237
65,63,0,49,238
66,62,0,47,233
67,62,0,47,233
68,63,3,1000,1000
70,63,0,47,236
71,63,0,47,236
72,63,0,48,237
73,63,0,48,237
74,63,0,48,237
75,63,0,47,236
76,63,0,48,237
77,63,0,48,237
78,63,0,48,237
79,63,0,47,236
85,62,3,1000,1000
90,61,5,1000,1000
92,63,3,1000,1000
93,63,3,1000,1000
94,63,3,1000,1000
95,63,0,49,238
97,63,3,1000,1000
98,63,3,1000,1000
99,63,3,1000,1000
100,63,0,49,238
106,61,5,1000,1000
108,63,3,1000,1000
109,63,3,1000,1000
110,63,3,1000,1000
111,63,0,49,238
114,63,3,1000,1000
116,63,3,1000,1000
117,63,3,1000,1000
125,63,3,1000,1000
126,62,3,1000,1000
127,62,3,1000,1000
129,63,3,1000,1000
130,63,3,1000,1000
131,63,3,1000,1000
132,63,3,1000,1000
133,63,3,1000,1000
134,63,3,1000,1000
135,63,3,1000,1000
136,63,3,1000,1000
138,63,3,1000,1000
139,63,3,1000,1000
144,63,3,1000,1000
145,62,3,1000,1000
146,62,3,1000,1000
148,63,3,1000,1000
149,63,3,1000,1000
151,63,3,1000,1000
152,63,3,1000,1000
153,63,3,1000,1000
155,63,3,1000,1000
156,63,3,1000,1000
158,63,3,1000,1000
162,62,3,1000,1000
163,63,3,1000,1000
164,62,3,1000,1000
165,62,3,1000,1000
168,63,3,1000,1000
169,63,3,1000,1000
170,63,3,1000,1000
171,63,3,1000,1000
172,63,3,1000,1000
173,63,3,1000,1000
174,63,3,1000,1000
175,63,3,1000,1000
176,63,3,1000,1000
177,63,3,1000,1000
183,62,3,1000,1000
184,62,3,1000,1000
206,63,3,1000,1000
207,63,3,1000,1000
208,63,3,1000,1000
214,63,3,1000,1000
215,63,3,1000,1000
216,63,3,1000,1000
218,63,3,1000,1000
219,63,3,1000,1000
220,63,3,1000,1000
227,63,3,1000,1000
228,62,3,1000,1000
229,62,3,1000,1000
231,63,3,1000,1000
232,63,3,1000,1000
233,63,3,1000,1000
234,63,3,1000,1000
235,63,3,1000,1000
236,63,3,1000,1000
237,63,3,1000,1000
238,63,3,1000,1000
240,63,3,1000,1000
241,63,3,1000,1000
247,63,3,1000,1000
248,62,3,1000,1000
249,62,3,1000,1000
252,63,3,1000,1000
253,63,3,1000,1000
254,63,3,1000,1000
255,63,3,1000,1000
256,63,3,1000,1000
257,63,3,1000,1000
258,63,3,1000,1000
259,63,3,1000,1000
260,63,3,1000,1000
262,63,3,1000,1000
267,63,3,1000,1000
268,62,3,1000,1000
269,62,3,1000,1000
271,63,3,1000,1000
272,63,3,1000,1000
273,63,3,1000,1000
275,63,3,1000,1000
276,63,3,1000,1000
277,63,3,1000,1000
279,63,3,1000,1000
280,63,3,1000,1000
287,62,3,1000,1000
288,62,3,1000,1000
306,63,3,1000,1000
307,63,3,1000,1000
309,62,3,1000,1000
310,62,3,1000,1000
312,62,3,1000,1000
313,62,3,1000,1000
318,63,3,1000,1000
320,63,3,1000,1000
322,63,3,1000,1000
323,63,3,1000,1000
325,63,3,1000,1000
326,63,3,1000,1000
328,63,3,1000,1000
329,63,3,1000,1000
331,63,3,1000,1000
332,63,3,1000,1000
334,63,3,1000,1000
335,63,3,1000,1000
337,63,3,1000,1000
338,63,3,1000,1000
343,63,3,1000,1000
344,63,3,1000,1000
346,63,3,1000,1000
347,63,3,1000,1000
349,63,3,1000,1000
350,63,3,1000,1000
351,62,3,1000,1000
352,62,3,1000,1000
355,63,3,1000,1000
356,63,3,1000,1000
357,63,3,1000,1000
358,63,3,1000,1000
359,63,3,1000,1000
360,63,3,1000,1000
361,63,3,1000,1000
362,63,3,1000,1000
363,63,3,1000,1000
365,63,3,1000,1000
369,63,3,1000,1000
370,63,3,1000,1000
371,62,3,1000,1000
372,62,3,1000,1000
375,63,3,1000,1000
376,63,3,1000,1000
377,63,3,1000,1000
378,63,3,1000,1000
379,63,3,1000,1000
380,63,3,1000,1000
381,63,3,1000,1000
382,63,3,1000,1000
383,63,3,1000,1000
384,63,3,1000,1000
390,62,3,1000,1000
392,62,3,1000,1000
406,63,3,1000,1000
408,62,3,1000,1000
410,62,3,1000,1000
416,63,3,1000,1000
419,63,3,1000,1000
421,63,3,1000,1000
423,63,3,1000,1000
425,63,3,1000,1000
427,63,3,1000,1000
429,63,3,1000,1000
431,63,3,1000,1000
435,63,3,1000,1000
437,63,3,1000,1000
438,63,3,1000,1000
439,62,3,1000,1000
440,62,3,1000,1000
443,63,3,1000,1000
444,63,3,1000,1000
445,63,3,1000,1000
446,63,3,1000,1000
447,63,3,1000,1000
448,63,3,1000,1000
449,63,3,1000,1000
450,63,3,1000,1000
451,63,3,1000,1000
452,63,3,1000,1000
459,62,3,1000,1000
462,62,3,1000,1000
495,62,3,1000,1000
500,62,3,1000,1000
522,63,3,1000,1000
523,63,3,1000,1000
530,63,3,1000,1000
531,63,3,1000,1000
535,63,3,1000,1000
536,63,3,1000,1000
542,63,3,1000,1000
543,63,3,1000,1000
558,63,5,1000,1000
560,63,5,1000,1000
561,63,5,1000,1000
569,63,5,1000,1000
570,62,5,1000,1000
571,62,5,1000,1000
573,63,5,1000,1000
574,63,5,1000,1000
575,63,5,1000,1000
576,63,5,1000,1000
577,63,5,1000,1000
578,63,5,1000,1000
579,63,5,1000,1000
580,63,5,1000,1000
582,63,5,1000,1000
583,63,5,1000,1000
588,63,5,1000,1000
589,62,5,1000,1000
590,62,5,1000,1000
592,63,5,1000,1000
593,63,5,1000,1000
594,63,5,1000,1000
595,63,5,1000,1000
596,63,5,1000,1000
597,63,5,1000,1000
598,63,5,1000,1000
599,63,5,1000,1000
600,63,5,1000,1000
602,63,5,1000,1000
606,63,5,1000,1000
607,62,5,1000,1000
608,62,5,1000,1000
611,63,5,1000,1000
612,63,5,1000,1000
613,63,5,1000,1000
614,63,5,1000,1000
615,63,5,1000,1000
616,63,5,1000,1000
617,63,5,1000,1000
618,63,5,1000,1000
619,63,5,1000,1000
620,63,5,1000,1000
625,62,5,1000,1000
626,62,5,1000,1000
629,62,5,1000,1000
642,63,5,1000,1000
643,63,5,1000,1000
646,63,3,1000,1000
651,63,3,1000,1000
655,63,3,1000,1000
662,63,5,1000,1000
663,63,5,1000,1000
666,63,3,1000,1000
671,63,3,1000,1000
675,63,3,1000,1000
688,63,5,1000,1000
690,63,5,1000,1000
691,63,5,1000,1000
699,63,5,1000,1000
700,62,5,1000,1000
701,62,5,1000,1000
703,63,5,1000,1000
704,63,5,1000,1000
705,63,5,1000,1000
706,63,5,1000,1000
707,63,5,1000,1000
708,63,5,1000,1000
709,63,5,1000,1000
710,63,5,1000,1000
711,63,5,1000,1000
713,63,5,1000,1000
714,63,5,1000,1000
719,63,5,1000,1000
720,62,5,1000,1000
721,62,5,1000,1000
723,63,5,1000,1000
724,63,5,1000,1000
725,63,5,1000,1000
726,63,5,1000,1000
727,63,5,1000,1000
728,63,5,1000,1000
729,63,5,1000,1000
730,63,5,1000,1000
731,63,5,1000,1000
732,63,5,1000,1000
734,63,5,1000,1000
738,63,5,1000,1000
739,62,5,1000,1000
740,62,5,1000,1000
742,63,5,1000,1000
744,63,5,1000,1000
745,63,5,1000,1000
746,63,5,1000,1000
747,63,5,1000,1000
748,63,5,1000,1000
749,63,5,1000,1000
750,63,5,1000,1000
751,63,5,1000,1000
752,63,5,1000,1000
753,63,5,1000,1000
758,62,5,1000,1000
759,62,5,1000,1000
776,63,5,1000,1000
777,63,5,1000,1000
780,63,3,1000,1000
785,63,3,1000,1000
789,63,3,1000,1000
804,63,3,1000,1000
814,63,3,1000,1000
819,63,3,1000,1000
932,63,3,1000,1000
936,62,3,1000,1000
940,62,3,1000,1000
947,63,3,1000,1000
954,63,3,1000,1000
957,63,3,1000,1000
961,63,3,1000,1000
965,63,3,1000,1000
969,63,3,1000,1000
973,63,3,1000,1000
981,63,3,1000,1000
985,63,3,1000,1000
1009,63,3,1000,1000
1068,63,3,1000,1000
1071,62,3,1000,1000
1074,62,3,1000,1000
1080,63,3,1000,1000
1088,63,3,1000,1000
1091,63,3,1000,1000
1094,63,3,1000,1000
1100,63,3,1000,1000
1103,63,3,1000,1000
1110,63,3,1000,1000
1114,63,3,1000,1000
1217,62,3,1000,1000
1218,62,3,1000,1000
1242,62,3,1000,1000
1246,62,3,1000,1000
1285,63,3,1000,1000
1286,63,3,1000,1000
1294,63,3,1000,1000
1295,63,3,1000,1000
1302,63,3,1000,1000
1303,63,3,1000,1000
1308,63,3,1000,1000
1309,63,3,1000,1000
1337,63,5,1000,1000
1338,62,5,1000,1000
1339,62,5,1000,1000
1341,63,5,1000,1000
1342,63,5,1000,1000
1343,63,5,1000,1000
1344,63,5,1000,1000
1345,63,5,1000,1000
1346,63,5,1000,1000
1347,63,5,1000,1000
1348,63,5,1000,1000
1350,63,5,1000,1000
1351,63,5,1000,1000
1356,63,5,1000,1000
1357,62,5,1000,1000
1358,62,5,1000,1000
1361,63,5,1000,1000
1362,63,5,1000,1000
1363,63,5,1000,1000
1364,63,5,1000,1000
1365,63,5,1000,1000
1366,63,5,1000,1000
1367,63,5,1000,1000
1368,63,5,1000,1000
1369,63,5,1000,1000
1371,63,5,1000,1000
1375,63,5,1000,1000
1376,62,5,1000,1000
1377,62,5,1000,1000
1379,63,5,1000,1000
1380,63,5,1000,1000
1381,63,5,1000,1000
1382,63,5,1000,1000
1383,63,5,1000,1000
1384,63,5,1000,1000
1385,63,5,1000,1000
1386,63,5,1000,1000
1387,63,5,1000,1000
1388,63,5,1000,1000
1393,62,5,1000,1000
1394,62,5,1000,1000
1397,62,5,1000,1000
1440,63,5,1000,1000
1441,62,5,1000,1000
1442,62,5,1000,1000
1444,63,5,1000,1000
1445,63,5,1000,1000
1446,63,5,1000,1000
1447,63,5,1000,1000
1448,63,5,1000,1000
1449,63,5,1000,1000
1450,63,5,1000,1000
1452,63,5,1000,1000
1454,63,5,1000,1000
1455,63,5,1000,1000
1460,63,5,1000,1000
1461,62,5,1000,1000
1462,62,5,1000,1000
1465,63,5,1000,1000
1466,63,5,1000,1000
1467,63,5,1000,1000
1468,63,5,1000,1000
1469,63,5,1000,1000
1470,63,5,1000,1000
1471,63,5,1000,1000
1472,63,5,1000,1000
1473,63,5,1000,1000
1474,63,5,1000,1000
1476,63,5,1000,1000
1480,63,5,1000,1000
1481,62,5,1000,1000
1482,62,5,1000,1000
1484,63,5,1000,1000
1485,63,5,1000,1000
1486,63,5,1000,1000
1487,63,5,1000,1000
1488,63,5,1000,1000
1489,63,5,1000,1000
1490,63,5,1000,1000
1491,63,5,1000,1000
1492,63,5,1000,1000
1493,63,5,1000,1000
1494,63,5,1000,1000
1499,62,5,1000,1000
1500,62,5,1000,1000
1885,63,0,47,236
1886,63,0,47,236
1892,63,0,47,236
1893,63,0,47,236
1898,63,3,1000,1000
1899,63,0,47,236
1900,63,0,47,236
1901,63,0,47,236
1902,63,3,1000,1000
1903,63,3,1000,1000
1904,63,3,1000,1000
1905,63,3,1000,1000
1906,63,3,1000,1000
1907,63,3,1000,1000
1908,63,4,1000,1000
1909,63,4,1000,1000
1910,63,4,1000,1000
1911,63,4,1000,1000
1912,63,0,47,236
1913,63,0,47,236
1919,63,0,47,236
1920,63,0,47,236
1925,63,3,1000,1000
1926,63,0,47,236
1927,63,0,47,236
1928,63,3,1000,1000
1929,63,3,1000,1000
1930,63,3,1000,1000
1931,63,3,1000,1000
1932,63,3,1000,1000
1933,63,3,1000,1000
1934,63,4,1000,1000
1935,63,4,1000,1000
1936,63,4,1000,1000
1937,63,4,1000,1000
2077,63,3,1000,1000
2096,63,3,1000,1000
2189,63,3,1000,1000
2202,63,3,1000,1000
2270,63,0,47,236
2276,63,0,47,236
2277,63,0,47,236
2282,63,3,1000,1000
2283,63,0,47,236
2284,63,0,47,236
2285,63,3,1000,1000
2286,63,0,47,236
2287,63,3,1000,1000
2288,63,3,1000,1000
2289,63,3,1000,1000
2290,63,3,1000,1000
2291,63,3,1000,1000
2292,63,4,1000,1000
2293,63,4,1000,1000
2294,63,4,1000,1000
2295,63,4,1000,1000
2296,63,0,47,236
2297,63,0,47,236
2302,63,3,1000,1000
2303,63,0,47,236
2304,63,0,47,236
2305,63,3,1000,1000
2306,63,3,1000,1000
2307,63,3,1000,1000
2308,63,3,1000,1000
2309,63,3,1000,1000
2310,63,3,1000,1000
2311,63,4,1000,1000
2312,63,4,1000,1000
2313,63,4,1000,1000
2314,63,4,1000,1000
2399,63,3,1000,1000
2414,63,3,1000,1000
2481,63,0,47,236
2484,63,3,1000,1000
2485,63,0,47,236
2486,63,0,47,236
2487,63,3,1000,1000
2488,63,3,1000,1000
2489,63,0,47,236
2490,63,3,1000,1000
2491,63,3,1000,1000
2492,63,3,1000,1000
2493,63,3,1000,1000
2494,63,4,1000,1000
2495,63,4,1000,1000
2496,63,4,1000,1000
2497,63,4,1000,1000
2500,63,3,1000,1000
2501,63,0,47,236
2502,63,0,47,236
2503,63,3,1000,1000
2504,63,3,1000,1000
2505,63,3,1000,1000
2506,63,3,1000,1000
2507,63,3,1000,1000
2508,63,3,1000,1000
2509,63,4,1000,1000
2510,63,4,1000,1000
2511,63,4,1000,1000
2512,63,4,1000,1000
2554,63,0,47,236
2640,63,3,1000,1000
2644,63,3,1000,1000
2721,63,3,1000,1000
2723,63,3,1000,1000
2793,63,3,1000,1000
2794,63,3,1000,1000
2812,63,3,1000,1000
2813,63,3,1000,1000
2839,63,5,1000,1000
2849,63,5,1000,1000
2854,63,5,1000,1000
2964,63,5,1000,1000
2968,62,5,1000,1000
2972,62,5,1000,1000
2979,63,5,1000,1000
2986,63,5,1000,1000
2989,63,5,1000,1000
2993,63,5,1000,1000
2997,63,5,1000,1000
3001,63,5,1000,1000
3005,63,5,1000,1000
3013,63,5,1000,1000
3017,63,5,1000,1000
3040,63,5,1000,1000
3097,63,5,1000,1000
3100,62,5,1000,1000
3103,62,5,1000,1000
3109,63,5,1000,1000
3114,63,5,1000,1000
3116,63,5,1000,1000
3119,63,5,1000,1000
3122,63,5,1000,1000
3125,63,5,1000,1000
3128,63,5,1000,1000
3131,63,5,1000,1000
3137,63,5,1000,1000
3140,63,5,1000,1000
3232,62,5,1000,1000
3233,62,5,1000,1000
3236,62,5,1000,1000
3254,62,5,1000,1000
3258,62,5,1000,1000
3276,63,5,1000,1000
3283,63,5,1000,1000
3365,63,5,1000,1000
3370,63,5,1000,1000
3502,63,5,1000,1000
3512,63,5,1000,1000
3517,63,5,1000,1000
3633,63,5,1000,1000
3637,62,5,1000,1000
3641,62,5,1000,1000
3649,63,5,1000,1000
3652,63,5,1000,1000
3659,63,5,1000,1000
3662,63,5,1000,1000
3666,63,5,1000,1000
3670,63,5,1000,1000
3674,63,5,1000,1000
3678,63,5,1000,1000
3686,63,5,1000,1000
3690,63,5,1000,1000
3714,63,5,1000,1000
3774,63,5,1000,1000
3777,62,5,1000,1000
3780,62,5,1000,1000
3786,63,5,1000,1000
3789,63,5,1000,1000
3794,63,5,1000,1000
3796,63,5,1000,1000
3799,63,5,1000,1000
3802,63,5,1000,1000
3805,63,5,1000,1000
3808,63,5,1000,1000
3811,63,5,1000,1000
3817,63,5,1000,1000
3820,63,5,1000,1000
3917,62,5,1000,1000
3918,62,5,1000,1000
3940,62,5,1000,1000
3945,62,5,1000,1000
3983,63,5,1000,1000
3986,63,5,1000,1000
3990,63,5,1000,1000
4968,63,3,1000,1000
4969,63,3,1000,1000
4976,63,3,1000,1000
4977,63,3,1000,1000
4978,63,3,1000,1000
4986,63,3,1000,1000
4987,63,3,1000,1000
5002,63,3,1000,1000
5003,63,3,1000,1000
5004,63,3,1000,1000
5015,63,3,1000,1000
5016,63,3,1000,1000
5023,63,3,1000,1000
5024,63,3,1000,1000
5025,63,3,1000,1000
5033,63,3,1000,1000
5034,63,3,1000,1000
5049,63,3,1000,1000
5050,63,3,1000,1000
5465,63,3,1000,1000
5635,63,3,1000,1000
5649,63,3,1000,1000
5650,63,3,1000,1000
5651,63,3,1000,1000
5659,63,3,1000,1000
5660,63,3,1000,1000
5676,63,3,1000,1000
5677,63,3,1000,1000
5679,63,3,1000,1000
5689,63,3,1000,1000
5690,63,3,1000,1000
5691,63,3,1000,1000
5699,63,3,1000,1000
5700,63,3,1000,1000
5717,63,3,1000,1000
5718,63,3,1000,1000
5930,63,3,1000,1000
6115,63,3,1000,1000
6130,63,3,1000,1000
6131,63,3,1000,1000
6132,63,3,1000,1000
6142,63,4,1000,1000
6147,63,3,1000,1000
6148,63,3,1000,1000
6167,63,3,1000,1000
6168,63,3,1000,1000
6185,63,3,1000,1000
6186,63,3,1000,1000
6189,63,3,1000,1000
6201,63,3,1000,1000
6202,63,3,1000,1000
6219,63,3,1000,1000
6220,63,3,1000,1000
6437,63,3,1000,1000
6450,63,3,1000,1000
6452,63,3,1000,1000
6482,63,3,1000,1000
7564,63,3,1000,1000
7565,63,3,1000,1000
7572,63,3,1000,1000
7573,63,3,1000,1000
7581,63,3,1000,1000
7582,63,3,1000,1000
7598,63,3,1000,1000
7599,63,3,1000,1000
7600,63,3,1000,1000
7612,63,3,1000,1000
7613,63,3,1000,1000
7620,63,3,1000,1000
7621,63,3,1000,1000
7629,63,3,1000,1000
7630,63,3,1000,1000
7646,63,3,1000,1000
7647,63,3,1000,1000
7875,63,5,1000,1000
8248,63,3,1000,1000
8262,63,3,1000,1000
8263,63,3,1000,1000
8271,63,3,1000,1000
8272,63,3,1000,1000
8288,63,3,1000,1000
8289,63,3,1000,1000
8291,63,3,1000,1000
8302,63,3,1000,1000
8303,63,3,1000,1000
8311,63,3,1000,1000
8312,63,3,1000,1000
8328,63,3,1000,1000
8329,63,3,1000,1000
8707,63,3,1000,1000
8720,63,3,1000,1000
8721,63,3,1000,1000
8739,63,3,1000,1000
8740,63,3,1000,1000
8743,63,3,1000,1000
8757,63,3,1000,1000
8758,63,3,1000,1000
8777,63,3,1000,1000
8778,63,3,1000,1000
9045,63,3,1000,1000
9117,63,3,1000,1000
9119,63,3,1000,1000
9150,63,3,1000,1000
9182,63,5,1000,1000
9184,63,3,1000,1000
9187,63,3,1000,1000
9195,63,5,1000,1000
9197,63,5,1000,1000
9199,63,5,1000,1000
9202,63,5,1000,1000
9204,63,5,1000,1000
9206,63,5,1000,1000
9208,63,5,1000,1000
9213,63,5,1000,1000
9215,63,3,1000,1000
9216,63,3,1000,1000
9223,63,3,1000,1000
9224,63,3,1000,1000
9225,63,3,1000,1000
9226,63,3,1000,1000
9240,63,3,1000,1000
9241,63,3,1000,1000
9283,63,3,1000,1000
9284,63,3,1000,1000
9285,63,3,1000,1000
9300,63,3,1000,1000
9301,63,3,1000,1000
9313,63,5,1000,1000
9315,63,3,1000,1000
9318,63,3,1000,1000
9326,63,5,1000,1000
9328,63,5,1000,1000
9330,63,5,1000,1000
9333,63,5,1000,1000
9335,63,5,1000,1000
9337,63,5,1000,1000
9339,63,5,1000,1000
9344,63,5,1000,1000
9346,63,3,1000,1000
9347,63,3,1000,1000
9354,63,3,1000,1000
9355,63,3,1000,1000
9356,63,3,1000,1000
9370,63,3,1000,1000
9371,63,3,1000,1000
9413,63,3,1000,1000
9414,63,3,1000,1000
9429,63,3,1000,1000
9430,63,3,1000,1000
9973,63,3,1000,1000
9974,63,3,1000,1000
9982,63,3,1000,1000
9983,63,3,1000,1000
9997,63,3,1000,1000
9998,63,3,1000,1000
10000,63,3,1000,1000
10010,63,3,1000,1000
10011,63,3,1000,1000
10019,63,3,1000,1000
10020,63,3,1000,1000
10034,63,3,1000,1000
10035,63,3,1000,1000
10336,63,3,1000,1000
10379,63,3,1000,1000
10392,63,3,1000,1000
10393,63,3,1000,1000
10408,63,3,1000,1000
10409,63,3,1000,1000
10412,63,3,1000,1000
10425,63,3,1000,1000
10426,63,3,1000,1000
10441,63,3,1000,1000
10442,63,3,1000,1000
10568,63,3,1000,1000
10624,63,3,1000,1000
10654,63,5,1000,1000
10664,63,5,1000,1000
10666,63,5,1000,1000
10668,63,5,1000,1000
10670,63,5,1000,1000
10673,63,5,1000,1000
10675,63,5,1000,1000
10677,63,5,1000,1000
10679,63,5,1000,1000
10684,63,3,1000,1000
10685,63,3,1000,1000
10686,63,3,1000,1000
10688,63,3,1000,1000
10702,63,3,1000,1000
10703,63,3,1000,1000
10715,63,5,1000,1000
10725,63,5,1000,1000
10727,63,5,1000,1000
10729,63,5,1000,1000
10731,63,5,1000,1000
10734,63,5,1000,1000
10736,63,5,1000,1000
10738,63,5,1000,1000
10740,63,5,1000,1000
10745,63,3,1000,1000
10746,63,3,1000,1000
10747,63,3,1000,1000
10762,63,3,1000,1000
10763,63,3,1000,1000
11013,63,3,1000,1000
11014,63,3,1000,1000
11029,63,3,1000,1000
11030,63,3,1000,1000
11033,63,3,1000,1000
11045,63,3,1000,1000
11046,63,3,1000,1000
11061,63,3,1000,1000
11062,63,3,1000,1000
11181,63,3,1000,1000
11229,63,3,1000,1000
13162,63,5,1000,1000
13163,63,5,1000,1000
13169,63,5,1000,1000
13170,63,5,1000,1000
13177,63,5,1000,1000
13178,63,5,1000,1000
13179,63,5,1000,1000
13192,63,5,1000,1000
13193,63,5,1000,1000
13194,63,5,1000,1000
13205,63,5,1000,1000
13206,63,5,1000,1000
13212,63,5,1000,1000
13213,63,5,1000,1000
13220,63,5,1000,1000
13221,63,5,1000,1000
13222,63,5,1000,1000
13235,63,5,1000,1000
13236,63,5,1000,1000
13610,63,5,1000,1000
13747,63,5,1000,1000
13756,63,5,1000,1000
13757,63,5,1000,1000
13764,63,5,1000,1000
13765,63,5,1000,1000
13766,63,5,1000,1000
13779,63,5,1000,1000
13782,63,5,1000,1000
13792,63,5,1000,1000
13793,63,5,1000,1000
13800,63,5,1000,1000
13801,63,5,1000,1000
13802,63,5,1000,1000
13816,63,5,1000,1000
13952,63,5,1000,1000
14097,63,5,1000,1000
14098,63,5,1000,1000
14099,63,5,1000,1000
14113,63,5,1000,1000
14114,63,5,1000,1000
14117,63,5,1000,1000
14128,63,5,1000,1000
14129,63,5,1000,1000
14130,63,5,1000,1000
14144,63,5,1000,1000
14145,63,5,1000,1000
14287,63,5,1000,1000
14603,63,5,1000,1000
14608,63,5,1000,1000
15063,63,5,1000,1000
15067,63,5,1000,1000
16398,63,5,1000,1000
16399,63,5,1000,1000
16405,63,5,1000,1000
16406,63,5,1000,1000
16413,63,5,1000,1000
16414,63,5,1000,1000
16429,63,5,1000,1000
16430,63,5,1000,1000
16432,63,5,1000,1000
16443,63,5,1000,1000
16444,63,5,1000,1000
16450,63,5,1000,1000
16451,63,5,1000,1000
16458,63,5,1000,1000
16459,63,5,1000,1000
16474,63,5,1000,1000
16475,63,5,1000,1000
16886,63,5,1000,1000
17049,63,5,1000,1000
17059,63,5,1000,1000
17060,63,5,1000,1000
17067,63,5,1000,1000
17068,63,5,1000,1000
17084,63,5,1000,1000
17087,63,5,1000,1000
17097,63,5,1000,1000
17098,63,5,1000,1000
17105,63,5,1000,1000
17106,63,5,1000,1000
17122,63,5,1000,1000
17279,63,5,1000,1000
17446,63,5,1000,1000
17447,63,5,1000,1000
17463,63,5,1000,1000
17465,63,5,1000,1000
17468,63,5,1000,1000
17479,63,5,1000,1000
17480,63,5,1000,1000
17496,63,5,1000,1000
17498,63,5,1000,1000
17677,63,5,1000,1000
17682,63,5,1000,1000
17684,63,5,1000,1000
17712,63,5,1000,1000
17747,63,5,1000,1000
18028,63,5,1000,1000
18032,63,5,1000,1000
23284,63,3,1000,1000
23288,63,3,1000,1000
23435,63,3,1000,1000
23436,63,3,1000,1000
23453,63,3,1000,1000
23454,63,3,1000,1000
23455,63,3,1000,1000
23471,63,3,1000,1000
23472,63,3,1000,1000
23530,63,3,1000,1000
23534,63,3,1000,1000
23680,63,3,1000,1000
23681,63,3,1000,1000
23698,63,3,1000,1000
23699,63,3,1000,1000
23715,63,3,1000,1000
23716,63,3,1000,1000
26321,63,3,1000,1000
26776,63,5,1000,1000
26865,63,3,1000,1000
26866,63,3,1000,1000
26881,62,5,1000,1000
26883,63,3,1000,1000
26884,63,3,1000,1000
26885,63,3,1000,1000
26887,63,3,1000,1000
26902,63,3,1000,1000
26903,63,3,1000,1000
26962,63,3,1000,1000
26963,63,5,1000,1000
26965,63,3,1000,1000
27018,63,3,1000,1000
27019,63,3,1000,1000
27035,62,5,1000,1000
27037,63,3,1000,1000
27038,63,3,1000,1000
27039,63,3,1000,1000
27055,63,3,1000,1000
27056,63,3,1000,1000
27115,63,3,1000,1000
27116,63,5,1000,1000
27118,63,3,1000,1000
27202,63,5,1000,1000
27289,63,5,1000,1000
27314,63,5,1000,1000
27372,63,5,1000,1000
27426,63,5,1000,1000
27621,63,5,1000,1000
27682,63,5,1000,1000
27939,63,5,1000,1000
28055,63,5,1000,1000
28517,62,5,1000,1000
28536,63,3,1000,1000
29009,63,3,1000,1000
29025,63,3,1000,1000
29834,63,3,1000,1000
29835,63,3,1000,1000
29849,63,3,1000,1000
29853,63,3,1000,1000
29854,63,3,1000,1000
29867,63,3,1000,1000
30197,63,3,1000,1000
30204,62,3,1000,1000
30205,62,3,1000,1000
30216,61,3,1000,1000
30231,63,3,1000,1000
31125,63,5,1000,1000
31126,63,5,1000,1000
31133,63,5,1000,1000
31134,63,5,1000,1000
31140,63,5,1000,1000
31141,63,5,1000,1000
31142,63,5,1000,1000
31155,63,5,1000,1000
31156,63,5,1000,1000
31157,63,5,1000,1000
31168,63,5,1000,1000
31169,63,5,1000,1000
31176,63,5,1000,1000
31177,63,5,1000,1000
31183,63,5,1000,1000
31184,63,5,1000,1000
31185,63,5,1000,1000
31198,63,5,1000,1000
31199,63,5,1000,1000
31710,63,5,1000,1000
31719,63,5,1000,1000
31720,63,5,1000,1000
31726,63,5,1000,1000
31727,63,5,1000,1000
31728,63,5,1000,1000
31741,63,5,1000,1000
31742,63,5,1000,1000
31744,63,5,1000,1000
31754,63,5,1000,1000
31755,63,5,1000,1000
31761,63,5,1000,1000
31762,63,5,1000,1000
31763,63,5,1000,1000
31776,63,5,1000,1000
31777,63,5,1000,1000
32076,63,5,1000,1000
32080,63,5,1000,1000
32081,63,5,1000,1000
32082,63,5,1000,1000
32096,63,5,1000,1000
32100,63,5,1000,1000
32111,63,5,1000,1000
32112,63,5,1000,1000
32113,63,5,1000,1000
32128,63,5,1000,1000
33065,63,5,1000,1000
33066,63,5,1000,1000
33073,63,5,1000,1000
33074,63,5,1000,1000
33080,63,5,1000,1000
33081,63,5,1000,1000
33096,63,5,1000,1000
33097,63,5,1000,1000
33099,63,5,1000,1000
33110,63,5,1000,1000
33111,63,5,1000,1000
33118,63,5,1000,1000
33119,63,5,1000,1000
33125,63,5,1000,1000
33126,63,5,1000,1000
33141,63,5,1000,1000
33142,63,5,1000,1000
33720,63,5,1000,1000
33730,63,5,1000,1000
33731,63,5,1000,1000
33737,63,5,1000,1000
33738,63,5,1000,1000
33753,63,5,1000,1000
33754,63,5,1000,1000
33757,63,5,1000,1000
33767,63,5,1000,1000
33768,63,5,1000,1000
33774,63,5,1000,1000
33775,63,5,1000,1000
33790,63,5,1000,1000
33791,63,5,1000,1000
34140,63,5,1000,1000
34146,63,5,1000,1000
34147,63,5,1000,1000
34164,63,5,1000,1000
34168,63,5,1000,1000
34179,63,5,1000,1000
34180,63,5,1000,1000
34197,63,5,1000,1000
34377,63,5,1000,1000
34379,63,5,1000,1000
34407,63,5,1000,1000
37709,63,3,1000,1000
40388,63,3,1000,1000
40447,63,3,1000,1000
40448,63,5,1000,1000
40450,63,3,1000,1000
40455,62,3,1000,1000
40468,63,3,1000,1000
40469,63,3,1000,1000
40472,63,3,1000,1000
40534,63,3,1000,1000
40535,63,5,1000,1000
40537,63,3,1000,1000
40542,62,3,1000,1000
40556,63,3,1000,1000
40557,63,3,1000,1000
40659,63,3,1000,1000
40705,63,3,1000,1000
40750,63,3,1000,1000
40806,63,3,1000,1000
40852,63,3,1000,1000
40900,63,3,1000,1000
41026,63,3,1000,1000
41075,63,3,1000,1000
41755,63,3,1000,1000
41802,63,3,1000,1000
41858,61,3,1000,1000
41859,61,3,1000,1000
41861,63,3,1000,1000
41863,63,3,1000,1000
41864,63,3,1000,1000
41901,62,3,1000,1000
41906,62,3,1000,1000
42011,63,3,1000,1000
42018,62,3,1000,1000
42019,62,3,1000,1000
42030,61,3,1000,1000
42045,63,3,1000,1000
44634,63,3,1000,1000
44635,62,3,1000,1000
44636,62,3,1000,1000
44639,63,3,1000,1000
44640,63,3,1000,1000
44641,63,3,1000,1000
44642,63,3,1000,1000
44643,61,3,1000,1000
44644,63,3,1000,1000
44645,63,3,1000,1000
44646,63,3,1000,1000
44647,63,3,1000,1000
44649,63,3,1000,1000
44650,63,3,1000,1000
44651,62,3,1000,1000
44652,62,3,1000,1000
44654,63,3,1000,1000
44655,63,3,1000,1000
44656,63,3,1000,1000
44657,61,3,1000,1000
44658,63,3,1000,1000
44659,63,3,1000,1000
44660,63,3,1000,1000
44661,63,3,1000,1000
44663,63,3,1000,1000
44664,63,3,1000,1000
46317,63,5,1000,1000
46318,63,5,1000,1000
46322,63,3,1000,1000
46610,63,3,1000,1000
46611,62,3,1000,1000
46612,62,3,1000,1000
46615,63,3,1000,1000
46616,63,3,1000,1000
46617,63,3,1000,1000
46618,63,3,1000,1000
46619,63,3,1000,1000
46620,61,3,1000,1000
46621,63,3,1000,1000
46622,63,3,1000,1000
46623,63,3,1000,1000
46624,63,3,1000,1000
46626,63,3,1000,1000
46627,62,3,1000,1000
46628,62,3,1000,1000
46630,63,3,1000,1000
46631,63,3,1000,1000
46632,63,3,1000,1000
46633,61,3,1000,1000
46634,63,3,1000,1000
46635,63,3,1000,1000
46636,63,3,1000,1000
46637,63,3,1000,1000
46639,63,3,1000,1000
46640,63,3,1000,1000
47597,62,3,1000,1000
47599,62,3,1000,1000
47610,61,3,1000,1000
48548,63,3,1000,1000
48549,62,3,1000,1000
48550,62,3,1000,1000
48553,63,3,1000,1000
48554,63,3,1000,1000
48555,63,3,1000,1000
48556,63,3,1000,1000
48557,63,3,1000,1000
48558,61,3,1000,1000
48559,63,3,1000,1000
48560,63,3,1000,1000
48561,63,3,1000,1000
48562,63,3,1000,1000
48564,63,3,1000,1000
48565,62,3,1000,1000
48566,62,3,1000,1000
48569,63,3,1000,1000
48570,63,3,1000,1000
48571,63,3,1000,1000
48572,63,3,1000,1000
48573,61,3,1000,1000
48574,63,3,1000,1000
48575,63,3,1000,1000
48576,63,3,1000,1000
48577,63,3,1000,1000
48579,63,3,1000,1000
49139,63,5,1000,1000
49140,63,5,1000,1000
49144,63,3,1000,1000
49488,62,3,1000,1000
49491,62,3,1000,1000
49502,61,3,1000,1000
49523,62,3,1000,1000
49528,62,3,1000,1000
49539,61,3,1000,1000
