suffix	address	qword	static_length	bytes
4	0x140a21f00	4611686018427387905	1	/
5	0x140a21f10	1	0	
6	0x140a21f20	4611686018427387913	9	LOADING: 
7	0x140a21f40	9	0	
8	0x140a21f60	4611686018427387955	51	Exiting because test file doesn't exist for level: 
9	0x140a21fa0	51	0	
10	0x140a21fc0	4611686018427388021	117	      def arch_get_input() Int {}\n      def check_output(tick: Int, inputs: [Int], outputs: [Int]) TestResult {}\n    
11	0x140a22040	117	0	
12	0x140a22060	4611686018427388026	122	      def get_input(tick: Int) Input {}\n      def check_output(tick: Int, input: Input, output: Output) TestResult {}\n    
13	0x140a220f0	122	0	
14	0x140a22100	4611686018427387905	1	\n
15	0x140a22110	1	0	
19	0x140a22120	4611686018427387949	45	\nvar commands                          = Ptr 
20	0x140a22160	45	0	
21	0x140a22180	4611686018427387949	45	\nvar settings                          = Ptr 
22	0x140a221c0	45	0	
23	0x140a221e0	4611686018427387951	47	\nvar input_replay                      = [U64] 
24	0x140a22220	47	0	
25	0x140a22240	4611686018427387949	45	\nvar output_history_pins               = Ptr 
26	0x140a22280	45	0	
27	0x140a222a0	4611686018427387949	45	\nvar error_buffer                      = Ptr 
28	0x140a222e0	45	0	
29	0x140a22300	4611686018427387949	45	\nvar ui_buffer                         = Ptr 
30	0x140a22340	45	0	
31	0x140a22360	4611686018427387951	47	\nvar ctl_input_replay_reset            = [U64] 
32	0x140a223a0	47	0	
33	0x140a223c0	4611686018427387950	46	\n\nconst #SIMULATION_STATE               = Ptr 
34	0x140a22400	46	0	
35	0x140a22420	4611686018427387949	45	\nconst #SIMULATION_KEYBOARD_CHARACTER  = Ptr 
36	0x140a22460	45	0	
37	0x140a22480	4611686018427387949	45	\nconst #SIMULATION_KEYBOARD_COORDINATE = Ptr 
38	0x140a224c0	45	0	
39	0x140a224e0	4611686018427387928	24	\n\n\ntype SimCommand Enum[
40	0x140a22510	24	0	
41	0x140a22520	4611686018427387906	2	, 
42	0x140a22530	2	0	
43	0x140a22540	4611686018427387929	25	]\ntype CommandIndex Enum[
44	0x140a22570	25	0	
45	0x140a22580	2	0	
46	0x140a225a0	4611686018427387927	23	]\ntype StateIndex Enum[
47	0x140a225c0	23	0	
48	0x140a225d0	2	0	
49	0x140a225e0	4611686018427388187	283	]\n\ndef get_command(idx: CommandIndex) U64 {\n    return load(<U64>, .commands + (Int idx) * 8)\n}\n\ndef get_setting(idx: StateIndex) U64 {\n    return load(<U64>, .settings + (Int idx) * 8)\n}\n\ndef set_setting(idx: StateIndex, value: U64) {\n    store(.settings + (Int idx) * 8, value)\n}\n\n
50	0x140a22710	283	0	
52	0x140a22720	4611686018427388052	148	C:\\Users\\Admin\\.choosenim\\toolchains\\nim-2.2.6\\lib\\system\\iterators.nim(187, 11) `len(a) == L` the length of the seq changed while iterating over it
53	0x140a227c0	148	0	
54	0x140a227e0	4611686018427388052	148	C:\\Users\\Admin\\.choosenim\\toolchains\\nim-2.2.6\\lib\\system\\iterators.nim(254, 11) `len(a) == L` the length of the seq changed while iterating over it
55	0x140a22880	148	0	
56	0x140a228a0	4611686018427387965	61	Error, the same memory component permanent_id was seen twice 
57	0x140a228f0	61	0	
58	0x140a22900	4611686018427387905	1	 
59	0x140a22910	1	0	
60	0x140a22920	1	0	
61	0x140a22930	4611686018427387916	12	const #DATA_
62	0x140a22950	12	0	
63	0x140a22960	4611686018427387917	13	       = Ptr 
64	0x140a22980	13	0	
65	0x140a229a0	4611686018427387924	20	 // """ & $(c_alloc(
66	0x140a229c0	20	0	
67	0x140a229e0	4611686018427387927	23	) + 2048) & "\\n" & """\n
68	0x140a22a00	23	0	
69	0x140a22a20	4611686018427387922	18	const #RESET_DATA_
70	0x140a22a40	18	0	
71	0x140a22a50	4611686018427387911	7	 = Ptr 
72	0x140a22a60	7	0	
73	0x140a22a70	20	0	
74	0x140a22a80	23	0	
75	0x140a22aa0	4611686018427387920	16	const #SETTINGS_
76	0x140a22ac0	16	0	
77	0x140a22ad0	4611686018427387913	9	   = Ptr 
78	0x140a22af0	9	0	
79	0x140a22b00	4611686018427387942	38	 // """ & $c_alloc(4096) & "\\n" & """\n
80	0x140a22b30	38	0	
81	0x140a22b40	148	0	
82	0x140a22b60	4611686018427387943	39	type TestResult Enum[pass, win, fail]\n\n
83	0x140a22b90	39	0	
84	0x140a22ba0	13510798882111489	0	
88	0x140a22bb0	148	0	
89	0x140a22bc0	4611686018427388062	158	C:\\Users\\Admin\\.choosenim\\toolchains\\nim-2.2.6\\lib\\pure\\collections\\tables.nim(1822, 11) `len(t) == L` the length of the table changed while iterating over it
90	0x140a22c70	158	0	
91	0x140a22c80	4611686018427388154	250	\ndef set_text(text: String, offset: Int) {\n    let length = text.len()\n    store(.ui_buffer + offset, length)\n    var i = 0\n    while i < length {\n        store(.ui_buffer + offset + 8 + i, U8 text[i])\n        i += 1\n    }\n}\n\ntype ComponentType Enum[
92	0x140a22d90	250	0	
93	0x140a22da0	2	0	
94	0x140a22dc0	4611686018427388033	129	]\n\ndef get_tick() Int { return .tick }\ndef get_test() Int { return Int get_command(ctl_test) }\ndef get_gate_score() Int { return 
95	0x140a22e50	129	0	
96	0x140a22e60	4611686018427387941	37	}\ndef get_delay_score() Int { return 
97	0x140a22e90	37	0	
98	0x140a22ea0	4611686018427387946	42	 }\ndef get_component_count() Int { return 
99	0x140a22ee0	42	0	
100	0x140a22f00	4611686018427387989	85	 }\ndef get_component_count(component_type: ComponentType) Int {\n    const #COUNTS = [
101	0x140a22f60	85	0	
102	0x140a22f70	2	0	
103	0x140a22f80	4611686018427388012	108	]\n    return #COUNTS[Int component_type]\n}\n\ndef ui_set_position(id: String, x: Int, y: Int) {\n    switch id\n
104	0x140a23000	108	0	
105	0x140a23020	4611686018427387970	66	field 'text' is not accessible for type 'UiElement' using 'kind = 
106	0x140a23070	66	0	
107	0x140a23080	4611686018427387982	78	field 'disassembly_text' is not accessible for type 'UiElement' using 'kind = 
108	0x140a230e0	78	0	
109	0x140a23100	4611686018427387990	86	field 'disassembly_text_address' is not accessible for type 'UiElement' using 'kind = 
110	0x140a23160	86	0	
111	0x140a23180	4611686018427387994	90	field 'disassembly_text_description' is not accessible for type 'UiElement' using 'kind = 
112	0x140a231f0	90	0	
113	0x140a23200	4611686018427387971	67	field 'image' is not accessible for type 'UiElement' using 'kind = 
114	0x140a23250	67	0	
115	0x140a23260	4611686018427387983	79	field 'disassembly_table' is not accessible for type 'UiElement' using 'kind = 
116	0x140a232c0	79	0	
117	0x140a232e0	4611686018427387971	67	field 'table' is not accessible for type 'UiElement' using 'kind = 
118	0x140a23330	67	0	
119	0x140a23340	4611686018427387913	9	        "
120	0x140a23360	9	0	
121	0x140a23380	4611686018427387927	23	" { store(.ui_buffer + 
122	0x140a233a0	23	0	
123	0x140a233c0	4611686018427387938	34	, U64 (x << 16 | (y & 0xffff))) }\n
124	0x140a233f0	34	0	
125	0x140a23400	148	0	
126	0x140a23420	4611686018427387964	60	}\n\ndef ui_set_width(id: String, value: Int) {\n    switch id\n
127	0x140a23470	60	0	
128	0x140a23480	78	0	
129	0x140a23490	90	0	
130	0x140a234a0	9	0	
131	0x140a234b0	23	0	
132	0x140a234c0	4611686018427387919	15	, U64 value) }\n
133	0x140a234e0	15	0	
134	0x140a234f0	148	0	
135	0x140a23500	4611686018427387966	62	}\n\ndef ui_set_hidden(id: String, value: Bool) {\n    switch id\n
136	0x140a23550	62	0	
137	0x140a23560	67	0	
138	0x140a23570	9	0	
139	0x140a23580	4611686018427387905	1	[
140	0x140a23590	1	0	
141	0x140a235a0	4611686018427387906	2	][
142	0x140a235b0	2	0	
143	0x140a235c0	4611686018427387928	24	]" { store(.ui_buffer + 
144	0x140a235f0	24	0	
145	0x140a23600	15	0	
146	0x140a23610	148	0	
147	0x140a23620	148	0	
148	0x140a23630	9	0	
149	0x140a23640	23	0	
150	0x140a23650	15	0	
151	0x140a23660	148	0	
152	0x140a23680	4611686018427387963	59	}\n\ndef ui_set_size(id: String, value: Int) {\n    switch id\n
153	0x140a236d0	59	0	
154	0x140a236e0	66	0	
155	0x140a236f0	78	0	
156	0x140a23700	86	0	
157	0x140a23710	90	0	
158	0x140a23720	79	0	
159	0x140a23730	67	0	
160	0x140a23740	9	0	
161	0x140a23750	23	0	
162	0x140a23760	15	0	
163	0x140a23770	148	0	
164	0x140a23780	4611686018427387977	73	}\n\ndef ui_set_column_header_size(id: String, value: Int) {\n    switch id\n
165	0x140a237e0	73	0	
166	0x140a237f0	79	0	
167	0x140a23800	9	0	
168	0x140a23810	23	0	
169	0x140a23820	15	0	
170	0x140a23830	148	0	
171	0x140a23840	4611686018427387974	70	}\n\ndef ui_set_row_header_size(id: String, value: Int) {\n    switch id\n
172	0x140a23890	70	0	
173	0x140a238a0	79	0	
174	0x140a238b0	67	0	
175	0x140a238c0	9	0	
176	0x140a238d0	23	0	
177	0x140a238e0	15	0	
178	0x140a238f0	148	0	
179	0x140a23900	4611686018427387964	60	}\n\ndef ui_set_color(id: String, value: Int) {\n    switch id\n
180	0x140a23950	60	0	
181	0x140a23960	66	0	
182	0x140a23970	78	0	
183	0x140a23980	79	0	
184	0x140a23990	67	0	
185	0x140a239a0	9	0	
186	0x140a239b0	23	0	
187	0x140a239c0	15	0	
188	0x140a239d0	148	0	
189	0x140a239e0	4611686018427387972	68	}\n\ndef ui_set_address_color(id: String, value: Int) {\n    switch id\n
190	0x140a23a30	68	0	
191	0x140a23a40	86	0	
192	0x140a23a50	79	0	
193	0x140a23a60	9	0	
194	0x140a23a70	23	0	
195	0x140a23a80	15	0	
196	0x140a23a90	148	0	
197	0x140a23aa0	4611686018427387976	72	}\n\ndef ui_set_instruction_color(id: String, value: Int) {\n    switch id\n
198	0x140a23b00	72	0	
199	0x140a23b10	86	0	
200	0x140a23b20	90	0	
201	0x140a23b30	79	0	
202	0x140a23b40	9	0	
203	0x140a23b50	23	0	
204	0x140a23b60	15	0	
205	0x140a23b70	148	0	
206	0x140a23b80	4611686018427387976	72	}\n\ndef ui_set_description_color(id: String, value: Int) {\n    switch id\n
207	0x140a23be0	72	0	
208	0x140a23bf0	90	0	
209	0x140a23c00	9	0	
210	0x140a23c10	23	0	
211	0x140a23c20	15	0	
212	0x140a23c30	148	0	
213	0x140a23c40	4611686018427387978	74	}\n\ndef ui_set_column_header_color(id: String, value: Int) {\n    switch id\n
214	0x140a23ca0	74	0	
215	0x140a23cb0	79	0	
216	0x140a23cc0	9	0	
217	0x140a23cd0	23	0	
218	0x140a23ce0	15	0	
219	0x140a23cf0	148	0	
220	0x140a23d00	4611686018427387975	71	}\n\ndef ui_set_row_header_color(id: String, value: Int) {\n    switch id\n
221	0x140a23d50	71	0	
222	0x140a23d60	90	0	
223	0x140a23d70	79	0	
224	0x140a23d80	67	0	
225	0x140a23d90	9	0	
226	0x140a23da0	23	0	
227	0x140a23db0	15	0	
228	0x140a23dc0	148	0	
229	0x140a23de0	4611686018427387965	61	}\n\ndef ui_set_text(id: String, text: String) {\n    switch id\n
230	0x140a23e30	61	0	
231	0x140a23e40	66	0	
232	0x140a23e50	67	0	
233	0x140a23e60	9	0	
234	0x140a23e70	1	0	
235	0x140a23e80	2	0	
236	0x140a23ea0	4611686018427387924	20	]" { set_text(text, 
237	0x140a23ec0	20	0	
238	0x140a23ed0	4611686018427387908	4	) }\n
239	0x140a23ee0	4	0	
240	0x140a23ef0	148	0	
241	0x140a23f00	148	0	
242	0x140a23f10	9	0	
243	0x140a23f20	4611686018427387923	19	" { set_text(text, 
244	0x140a23f40	19	0	
245	0x140a23f50	4	0	
246	0x140a23f60	148	0	
247	0x140a23f80	4611686018427387971	67	}\n\ndef ui_set_image_name(id: String, text: String) {\n    switch id\n
248	0x140a23fd0	67	0	
249	0x140a23fe0	67	0	
250	0x140a23ff0	9	0	
251	0x140a24000	19	0	
252	0x140a24010	4	0	
253	0x140a24020	148	0	
254	0x140a24040	4611686018427387986	82	}\n\ndef ui_set_instruction(index: Int, code: Int, pointer: Int) {\n    switch index\n
255	0x140a240a0	82	0	
256	0x140a240b0	4611686018427387912	8	        
257	0x140a240d0	8	0	
258	0x140a240e0	4611686018427387938	34	 {\n            store(.ui_buffer + 
259	0x140a24110	34	0	
260	0x140a24120	4611686018427387943	39	, code)\n            store(.ui_buffer + 
261	0x140a24150	39	0	
262	0x140a24160	4611686018427387925	21	, pointer)\n        }\n
263	0x140a24180	21	0	
264	0x140a24190	78	0	
265	0x140a241a0	78	0	
268	0x140a241b0	86	0	
269	0x140a241c0	86	0	
272	0x140a241d0	90	0	
273	0x140a241e0	90	0	
276	0x140a241f0	79	0	
279	0x140a24200	148	0	
280	0x140a24210	148	0	
281	0x140a24220	4611686018427387906	2	}\n
282	0x140a24230	2	0	
283	0x140a24240	148	0	
284	0x140a24260	4611686018427388196	292	def add_keyboard_value(key_down: Bool, key: U8) {\n    let value = U16 key_down | (U16 key) << 8\n    var index = load(<U16>, #SIMULATION_KEYBOARD_CHARACTER + 4098)\n    store(#SIMULATION_KEYBOARD_CHARACTER + index, value)\n    store(#SIMULATION_KEYBOARD_CHARACTER + 4098, (index + 8) % 4096)\n\n}\n
285	0x140a24390	292	0	
286	0x140a243a0	4611686018427387964	60	def get_last_time() Int { return Int .time_component_last }\n
287	0x140a243f0	60	0	
288	0x140a24400	4611686018427387960	56	def get_screen_connection(screen_name: String) String {\n
289	0x140a24450	56	0	
290	0x140a24460	4611686018427387927	23	    if screen_name == "
291	0x140a24480	23	0	
292	0x140a24490	4611686018427387916	12	" { return "
293	0x140a244b0	12	0	
294	0x140a244c0	4611686018427387908	4	" }\n
295	0x140a244d0	4	0	
296	0x140a244e0	148	0	
297	0x140a244f0	148	0	
298	0x140a24500	2	0	
299	0x140a24520	4611686018427387941	37	def get_memory(label: String) Int { \n
300	0x140a24550	37	0	
301	0x140a24560	4611686018427387904	0	
302	0x140a24570	0	0	
303	0x140a24580	4611686018427387920	16	Int (U64 load(<U
304	0x140a245a0	16	0	
305	0x140a245c0	4611686018427387927	23	>, #SIMULATION_STATE + 
306	0x140a245e0	23	0	
307	0x140a245f0	4611686018427387906	2	))
308	0x140a24600	2	0	
309	0x140a24610	4611686018427387905	1	0
310	0x140a24620	1	0	
311	0x140a24630	4611686018427387913	9	Int (U64 
312	0x140a24650	9	0	
313	0x140a24660	4611686018427387906	2	(U
314	0x140a24670	2	0	
315	0x140a24680	4611686018427387909	5	 0x0)
316	0x140a24690	5	0	
317	0x140a246a0	2	0	
318	0x140a246b0	4611686018427387907	3	 0)
319	0x140a246c0	3	0	
320	0x140a246d0	2	0	
321	0x140a246e0	3	0	
322	0x140a246f0	2	0	
323	0x140a24700	4611686018427387906	2	 v
324	0x140a24710	2	0	
325	0x140a24720	4611686018427387905	1	)
326	0x140a24730	1	0	
327	0x140a24740	4611686018427387911	7	load(<U
328	0x140a24750	7	0	
329	0x140a24760	23	0	
330	0x140a24770	1	0	
331	0x140a24780	4611686018427387905	1	U
332	0x140a24790	1	0	
333	0x140a247a0	4611686018427387906	2	 0
334	0x140a247b0	2	0	
335	0x140a247c0	4611686018427387906	2	(z
336	0x140a247d0	2	0	
337	0x140a247e0	4611686018427387907	3	 ? 
338	0x140a247f0	3	0	
339	0x140a24800	4611686018427387909	5	 : 0)
340	0x140a24810	5	0	
341	0x140a24820	4611686018427387936	32	(load(<U8>, #SIMULATION_STATE + 
342	0x140a24850	32	0	
343	0x140a24860	4611686018427387917	13	) != 0 ? U64 
344	0x140a24880	13	0	
345	0x140a24890	4611686018427387913	9	 : U64 0)
346	0x140a248b0	9	0	
347	0x140a248c0	2	0	
348	0x140a248d0	4611686018427387906	2	 (
349	0x140a248e0	2	0	
350	0x140a248f0	2	0	
352	0x140a24900	1	0	
353	0x140a24910	1	0	
354	0x140a24920	9	0	
355	0x140a24930	1	0	
356	0x140a24940	9	0	
357	0x140a24960	4611686018427388001	97	D:\\TuringComplete_Phu\\model\\simulation\\code_gen.nim(202, 5) `component.memory.index != NO_ALLOC` 
358	0x140a249d0	97	0	
359	0x140a249e0	7	0	
360	0x140a249f0	23	0	
361	0x140a24a00	4611686018427387908	4	) & 
362	0x140a24a10	4	0	
364	0x140a24a20	7	0	
365	0x140a24a30	23	0	
366	0x140a24a40	1	0	
367	0x140a24a50	1	0	
368	0x140a24a60	4611686018427387921	17	    if label == "
369	0x140a24a80	17	0	
370	0x140a24a90	4611686018427387915	11	" { return 
371	0x140a24ab0	11	0	
372	0x140a24ac0	4611686018427387907	3	 }\n
373	0x140a24ad0	3	0	
374	0x140a24ae0	148	0	
375	0x140a24af0	2	0	
376	0x140a24b00	4611686018427387918	14	var load_port_
377	0x140a24b20	14	0	
378	0x140a24b30	4611686018427387909	5	 = 0\n
379	0x140a24b40	5	0	
380	0x140a24b50	148	0	
381	0x140a24b60	4611686018427387950	46	def get_load_port_input(label: String) Int { \n
382	0x140a24ba0	46	0	
383	0x140a24bb0	17	0	
384	0x140a24bc0	4611686018427387926	22	" { return .load_port_
385	0x140a24be0	22	0	
386	0x140a24bf0	3	0	
387	0x140a24c00	148	0	
388	0x140a24c10	2	0	
389	0x140a24c20	4611686018427387962	58	def get_screen_settings(label: String, index: Int) Int { \n
390	0x140a24c70	58	0	
391	0x140a24c80	17	0	
392	0x140a24ca0	4611686018427387952	48	" { return load(<Int>, #SIMULATION_STATE + Int (
393	0x140a24ce0	48	0	
394	0x140a24d00	4611686018427387929	25	 + min(7, index) * 8)) }\n
395	0x140a24d30	25	0	
396	0x140a24d40	148	0	
397	0x140a24d50	2	0	
398	0x140a24d60	4611686018427387958	54	def get_output(user_label: String, index: Int) Int { \n
399	0x140a24da0	54	0	
400	0x140a24dc0	4611686018427387926	22	    if user_label == "
401	0x140a24de0	22	0	
402	0x140a24df0	4611686018427387918	14	" && index == 
403	0x140a24e10	14	0	
404	0x140a24e20	4611686018427387930	26	 { return Int (U64 load(<U
405	0x140a24e50	26	0	
406	0x140a24e60	23	0	
407	0x140a24e70	4611686018427387909	5	)) }\n
408	0x140a24e80	5	0	
409	0x140a24e90	148	0	
410	0x140a24ea0	148	0	
411	0x140a24eb0	2	0	
412	0x140a24ec0	4611686018427387972	68	def get_ram_value(label: String, address: Int, size: @Size) @Size {\n
413	0x140a24f10	68	0	
414	0x140a24f20	4611686018427387921	17	    if label == '
415	0x140a24f40	17	0	
416	0x140a24f60	4611686018427387941	37	' { return load(type_of(size), #DATA_
417	0x140a24f90	37	0	
418	0x140a24fa0	4611686018427387919	15	 + address) } \n
419	0x140a24fc0	15	0	
420	0x140a24fd0	17	0	
421	0x140a24fe0	37	0	
422	0x140a24ff0	4611686018427387908	4	 + (
423	0x140a25000	4	0	
424	0x140a25020	4611686018427387946	42	 - ((size(size) + 7) / 8)) - address)) } \n
425	0x140a25060	42	0	
426	0x140a25070	148	0	
427	0x140a25080	2	0	
428	0x140a250a0	4611686018427387966	62	def set_ram_value(label: String, offset: Int, value: @Type) {\n
429	0x140a250f0	62	0	
430	0x140a25100	17	0	
431	0x140a25120	4611686018427387920	16	' { store(#DATA_
432	0x140a25140	16	0	
433	0x140a25160	4611686018427387924	20	 + offset, value) }\n
434	0x140a25180	20	0	
435	0x140a25190	17	0	
436	0x140a251a0	16	0	
437	0x140a251b0	4611686018427387907	3	 + 
438	0x140a251c0	3	0	
439	0x140a251e0	4611686018427387948	44	 - offset - (size(value) + 7) / 8, value) }\n
440	0x140a25220	44	0	
441	0x140a25230	148	0	
442	0x140a25240	2	0	
443	0x140a25260	4611686018427387929	25	\nconst #TICK_PAST_FAIL = 
444	0x140a25290	25	0	
445	0x140a252a0	4611686018427388201	297	\ndef max(a: TestResult, b: TestResult) TestResult {\n    return TestResult max(U64 a, U64 b)\n}\n\ndef set_error(input: String) {\n\n    let len = input.len()\n\n    store(.error_buffer, U16 len)\n\n    var i = 0\n    while i < len {\n        store(.error_buffer + i + 2, U8 input[i])\n        i += 1\n    }\n}\n\n
446	0x140a253e0	297	0	
447	0x140a25400	4611686018427388403	499	\nvar tick = -1\nvar last_command_id = U64 0\nvar last_level_manual_input = U64 0\nvar time_component_last = U64 0\n\ndef reset_sim() {\n\n    .time_component_last = U64 0\n\n    set_error("")\n\n    .global_seed = Seed (get_command(ctl_test) + 1) // 0 can't be seed\n\n    .last_level_manual_input = 0\n    set_setting(sim_tick, U64 -1)\n    set_setting(sim_short_circuit_component_id_1, U64 0)\n    set_setting(sim_short_circuit_component_id_2, U64 0)\n    set_setting(sim_test_result, U64 pass)\n    .tick = -1\n\n  \n
448	0x140a25600	499	0	
449	0x140a25620	4611686018427387959	55	    memory_clear(#SIMULATION_KEYBOARD_CHARACTER, 8192)\n
450	0x140a25660	55	0	
451	0x140a25680	4611686018427387960	56	    memory_clear(#SIMULATION_KEYBOARD_COORDINATE, 8192)\n
452	0x140a256d0	56	0	
453	0x140a256e0	4611686018427387940	36	    memory_clear(#SIMULATION_STATE, 
454	0x140a25710	36	0	
456	0x140a25720	4611686018427387906	2	)\n
457	0x140a25730	2	0	
458	0x140a25740	4611686018427387918	14	    store(Ptr 
459	0x140a25760	14	0	
461	0x140a25770	4611686018427387916	12	, 0xfffff0)\n
462	0x140a25790	12	0	
463	0x140a257a0	4611686018427387927	23	    memory_clear(#DATA_
464	0x140a257c0	23	0	
465	0x140a257d0	4611686018427387913	9	 - 2048, 
466	0x140a257f0	9	0	
467	0x140a25800	2	0	
468	0x140a25810	4611686018427387911	7	sandbox
469	0x140a25820	7	0	
470	0x140a25840	4611686018427387932	28	    memory_copy(#RESET_DATA_
471	0x140a25870	28	0	
472	0x140a25880	4611686018427387919	15	 - 2048, #DATA_
473	0x140a258a0	15	0	
474	0x140a258b0	9	0	
475	0x140a258c0	2	0	
476	0x140a258d0	148	0	
477	0x140a258e0	4611686018427387922	18	\n\n}\n\ntype Input {\n
478	0x140a25900	18	0	
479	0x140a25910	4611686018427387910	6	output
480	0x140a25920	6	0	
481	0x140a25930	4611686018427387909	5	input
482	0x140a25940	5	0	
486	0x140a25950	4611686018427387908	4	    
487	0x140a25960	4	0	
488	0x140a25970	4611686018427387907	3	: U
489	0x140a25980	3	0	
490	0x140a25990	4611686018427387906	2	,\n
491	0x140a259a0	2	0	
492	0x140a259b0	4	0	
493	0x140a259c0	4611686018427387920	16	_enabled: Bool,\n
494	0x140a259e0	16	0	
495	0x140a259f0	148	0	
496	0x140a25a00	4611686018427387921	17	}\n\ntype Output {\n
497	0x140a25a20	17	0	
498	0x140a25a30	4	0	
499	0x140a25a40	3	0	
500	0x140a25a50	2	0	
501	0x140a25a60	4	0	
502	0x140a25a70	4611686018427387917	13	_is_z: Bool,\n
503	0x140a25a90	13	0	
504	0x140a25aa0	4	0	
505	0x140a25ab0	16	0	
506	0x140a25ac0	148	0	
507	0x140a25ae0	4611686018427387990	86	}\n\nvar level_input = Input {}\nvar level_output = Output {}\n\ndef mode_refresh() {\n\n    
508	0x140a25b40	86	0	
510	0x140a25b50	1	0	
511	0x140a25b60	4611686018427387906	2	\n\n
512	0x140a25b70	2	0	
514	0x140a25b80	4611686018427387907	3	// 
515	0x140a25b90	3	0	
516	0x140a25ba0	1	0	
517	0x140a25bb0	1	0	
518	0x140a25bc0	4611686018427387910	6	 LATE 
519	0x140a25bd0	6	0	
520	0x140a25be0	1	0	
522	0x140a25bf0	3	0	
523	0x140a25c00	1	0	
524	0x140a25c10	1	0	
525	0x140a25c20	1	0	
526	0x140a25c30	1	0	
528	0x140a25c40	1	0	
529	0x140a25c50	1	0	
530	0x140a25c60	1	0	
531	0x140a25c70	1	0	
532	0x140a25c80	4611686018427387905	1	1
533	0x140a25c90	1	0	
534	0x140a25ca0	4611686018427388137	233	D:\\TuringComplete_Phu\\model\\simulation\\code_gen.nim(292, 9) `value_struct.kind == wck_bus` This should always at least pretend it could be z, as that means we can ignore a pathological corner case that there is no point in optimizing
535	0x140a25da0	233	0	
536	0x140a25dc0	4611686018427387930	26	store(#SIMULATION_STATE + 
537	0x140a25df0	26	0	
538	0x140a25e00	2	0	
539	0x140a25e10	3	0	
541	0x140a25e20	26	0	
542	0x140a25e30	4611686018427387911	7	, U1 0)
543	0x140a25e40	7	0	
545	0x140a25e50	26	0	
546	0x140a25e60	7	0	
548	0x140a25e70	4611686018427387909	5	var v
549	0x140a25e80	5	0	
550	0x140a25e90	4611686018427387907	3	 = 
551	0x140a25ea0	3	0	
552	0x140a25eb0	2	0	
554	0x140a25ec0	4611686018427387918	14	var and_field_
555	0x140a25ee0	14	0	
556	0x140a25ef0	4611686018427387909	5	 = ~v
557	0x140a25f00	5	0	
559	0x140a25f20	4611686018427387921	17	var component_id_
560	0x140a25f40	17	0	
561	0x140a25f50	4611686018427387908	4	 = 0
562	0x140a25f60	4	0	
564	0x140a25f80	4611686018427387925	21	var component_top_id_
565	0x140a25fa0	21	0	
566	0x140a25fb0	4	0	
568	0x140a25fc0	4611686018427387918	14	var pin_index_
569	0x140a25fe0	14	0	
570	0x140a25ff0	4	0	
572	0x140a26000	5	0	
573	0x140a26010	3	0	
574	0x140a26020	1	0	
576	0x140a26030	14	0	
577	0x140a26040	5	0	
579	0x140a26050	5	0	
580	0x140a26060	3	0	
581	0x140a26070	0	0	
583	0x140a26080	4611686018427387907	3	if 
584	0x140a26090	3	0	
585	0x140a260a0	4611686018427387911	7	 != 0 {
586	0x140a260b0	7	0	
588	0x140a260c0	4611686018427387909	5	    v
589	0x140a260d0	5	0	
590	0x140a260e0	4611686018427387908	4	 |= 
591	0x140a260f0	4	0	
592	0x140a26100	2	0	
593	0x140a26110	4611686018427387905	1	(
594	0x140a26120	1	0	
595	0x140a26130	2	0	
597	0x140a26140	4611686018427387918	14	    and_field_
598	0x140a26160	14	0	
599	0x140a26170	4611686018427387908	4	 &= 
600	0x140a26180	4	0	
601	0x140a26190	2	0	
602	0x140a261a0	1	0	
603	0x140a261b0	2	0	
605	0x140a261c0	4611686018427387905	1	}
606	0x140a261d0	1	0	
608	0x140a261e0	4611686018427387905	1	v
609	0x140a261f0	1	0	
610	0x140a26200	3	0	
611	0x140a26210	0	0	
613	0x140a26220	4611686018427388137	233	D:\\TuringComplete_Phu\\model\\simulation\\code_gen.nim(338, 9) `value_struct.kind == wck_bus` This should always at least pretend it could be z, as that means we can ignore a pathological corner case that there is no point in optimizing
614	0x140a26320	233	0	
615	0x140a26330	3	0	
616	0x140a26340	7	0	
618	0x140a26360	4611686018427387920	16	    let value = 
619	0x140a26380	16	0	
620	0x140a26390	1	0	
621	0x140a263a0	1	0	
622	0x140a263b0	2	0	
624	0x140a263c0	4611686018427387924	20	    if component_id_
625	0x140a263e0	20	0	
626	0x140a263f0	4611686018427387914	10	 != 0 && v
627	0x140a26410	10	0	
628	0x140a26420	4611686018427387915	11	 != value {
629	0x140a26440	11	0	
631	0x140a26460	4611686018427387975	71	        set_setting(sim_short_circuit_component_id_1, U64 component_id_
632	0x140a264b0	71	0	
633	0x140a264c0	1	0	
635	0x140a264e0	4611686018427387962	58	        set_setting(sim_short_circuit_component_id_2, U64 
636	0x140a26530	58	0	
637	0x140a26540	1	0	
639	0x140a26560	4611686018427387963	59	        set_setting(sim_short_circuit_pin_1, U64 pin_index_
640	0x140a265b0	59	0	
641	0x140a265c0	1	0	
643	0x140a265e0	4611686018427387953	49	        set_setting(sim_short_circuit_pin_2, U64 
644	0x140a26620	49	0	
645	0x140a26630	1	0	
647	0x140a26640	4611686018427387989	85	        set_setting(sim_short_circuit_top_level_permanent_id_1, U64 component_top_id_
648	0x140a266a0	85	0	
649	0x140a266b0	1	0	
651	0x140a266c0	4611686018427387972	68	        set_setting(sim_short_circuit_top_level_permanent_id_2, U64 
652	0x140a26710	68	0	
653	0x140a26720	1	0	
655	0x140a26740	4611686018427387969	65	        set_setting(sim_short_circuit_any_top_level_wire_id, U64 
656	0x140a26790	65	0	
657	0x140a267a0	1	0	
659	0x140a267c0	4611686018427387956	52	        set_setting(sim_short_circuit_value_1, U64 v
660	0x140a26800	52	0	
661	0x140a26810	1	0	
663	0x140a26820	4611686018427387961	57	        set_setting(sim_short_circuit_value_2, U64 value)
664	0x140a26870	57	0	
666	0x140a26880	4611686018427387909	5	    }
667	0x140a26890	5	0	
669	0x140a268a0	5	0	
670	0x140a268b0	4611686018427387913	9	 |= value
671	0x140a268d0	9	0	
673	0x140a268e0	14	0	
674	0x140a268f0	4611686018427387913	9	 &= value
675	0x140a26910	9	0	
677	0x140a26920	4611686018427387934	30	    store(#SIMULATION_STATE + 
678	0x140a26950	30	0	
679	0x140a26960	4611686018427387912	8	, value)
680	0x140a26980	8	0	
682	0x140a26990	30	0	
683	0x140a269a0	8	0	
685	0x140a269c0	4611686018427387921	17	    component_id_
686	0x140a269e0	17	0	
687	0x140a269f0	3	0	
689	0x140a26a00	4611686018427387925	21	    component_top_id_
690	0x140a26a20	21	0	
691	0x140a26a30	3	0	
693	0x140a26a40	4611686018427387918	14	    pin_index_
694	0x140a26a60	14	0	
695	0x140a26a70	3	0	
697	0x140a26a80	30	0	
698	0x140a26a90	4611686018427387911	7	, U8 1)
699	0x140a26aa0	7	0	
701	0x140a26ab0	30	0	
702	0x140a26ac0	7	0	
704	0x140a26ad0	1	0	
706	0x140a26ae0	4611686018427387910	6	value_
707	0x140a26af0	6	0	
708	0x140a26b00	4611686018427387908	4	let 
709	0x140a26b10	4	0	
710	0x140a26b20	3	0	
712	0x140a26b30	26	0	
713	0x140a26b40	2	0	
714	0x140a26b50	1	0	
715	0x140a26b60	2	0	
717	0x140a26b70	26	0	
718	0x140a26b80	2	0	
719	0x140a26b90	1	0	
720	0x140a26ba0	2	0	
722	0x140a26bb0	4611686018427387917	13	.level_input.
723	0x140a26bd0	13	0	
724	0x140a26be0	4611686018427387908	4	 & 1
725	0x140a26bf0	4	0	
726	0x140a26c00	0	0	
728	0x140a26c10	4611686018427387918	14	(.level_input.
729	0x140a26c30	14	0	
730	0x140a26c40	4611686018427387914	10	 >> 1) & 1
731	0x140a26c60	10	0	
732	0x140a26c70	0	0	
734	0x140a26c80	4611686018427387918	14	.input_replay[
735	0x140a26ca0	14	0	
736	0x140a26cc0	4611686018427387925	21	] = U64 .level_input.
737	0x140a26ce0	21	0	
739	0x140a26cf0	14	0	
740	0x140a26d00	4611686018427387905	1	]
741	0x140a26d10	1	0	
742	0x140a26d20	0	0	
744	0x140a26d30	14	0	
745	0x140a26d40	4611686018427387910	6	] >> 1
746	0x140a26d50	6	0	
747	0x140a26d60	0	0	
749	0x140a26d70	13	0	
750	0x140a26d80	4	0	
751	0x140a26d90	0	0	
753	0x140a26da0	14	0	
754	0x140a26db0	10	0	
755	0x140a26dc0	0	0	
757	0x140a26dd0	14	0	
758	0x140a26de0	4611686018427387914	10	 >> 2) & 1
759	0x140a26e00	10	0	
760	0x140a26e10	0	0	
762	0x140a26e20	14	0	
763	0x140a26e30	21	0	
765	0x140a26e40	14	0	
766	0x140a26e50	1	0	
767	0x140a26e60	0	0	
769	0x140a26e70	14	0	
770	0x140a26e80	6	0	
771	0x140a26e90	0	0	
773	0x140a26ea0	14	0	
774	0x140a26eb0	4611686018427387910	6	] >> 2
775	0x140a26ec0	6	0	
776	0x140a26ed0	0	0	
778	0x140a26ee0	13	0	
779	0x140a26ef0	4	0	
780	0x140a26f00	0	0	
782	0x140a26f10	14	0	
783	0x140a26f20	10	0	
784	0x140a26f30	0	0	
786	0x140a26f40	14	0	
787	0x140a26f50	10	0	
788	0x140a26f60	0	0	
790	0x140a26f70	14	0	
791	0x140a26f80	4611686018427387914	10	 >> 3) & 1
792	0x140a26fa0	10	0	
793	0x140a26fb0	0	0	
795	0x140a26fc0	14	0	
796	0x140a26fd0	21	0	
798	0x140a26fe0	14	0	
799	0x140a26ff0	1	0	
800	0x140a27000	0	0	
802	0x140a27010	14	0	
803	0x140a27020	6	0	
804	0x140a27030	0	0	
806	0x140a27040	14	0	
807	0x140a27050	6	0	
808	0x140a27060	0	0	
810	0x140a27070	14	0	
811	0x140a27080	4611686018427387910	6	] >> 3
812	0x140a27090	6	0	
813	0x140a270a0	0	0	
815	0x140a270b0	13	0	
816	0x140a270c0	0	0	
817	0x140a270d0	0	0	
819	0x140a270e0	14	0	
820	0x140a270f0	21	0	
822	0x140a27100	14	0	
823	0x140a27110	1	0	
824	0x140a27120	0	0	
828	0x140a27130	1	0	
829	0x140a27140	0	0	
831	0x140a27150	1	0	
832	0x140a27160	0	0	
834	0x140a27170	4611686018427387909	5	(U1 ~
835	0x140a27180	5	0	
838	0x140a27190	1	0	
839	0x140a271a0	0	0	
842	0x140a271b0	4611686018427387907	3	 | 
843	0x140a271c0	3	0	
845	0x140a271d0	0	0	
848	0x140a271e0	3	0	
850	0x140a271f0	3	0	
852	0x140a27200	0	0	
855	0x140a27210	4611686018427387907	3	 & 
856	0x140a27220	3	0	
858	0x140a27230	0	0	
861	0x140a27240	3	0	
863	0x140a27250	3	0	
865	0x140a27260	0	0	
867	0x140a27270	4611686018427387906	2	~(
868	0x140a27280	2	0	
870	0x140a27290	3	0	
872	0x140a272a0	1	0	
873	0x140a272b0	0	0	
875	0x140a272c0	2	0	
877	0x140a272d0	3	0	
879	0x140a272e0	1	0	
880	0x140a272f0	0	0	
883	0x140a27300	4611686018427387907	3	 ^ 
884	0x140a27310	3	0	
886	0x140a27320	0	0	
888	0x140a27330	2	0	
890	0x140a27340	3	0	
892	0x140a27350	1	0	
893	0x140a27360	0	0	
895	0x140a27370	4611686018427387907	3	sum
896	0x140a27380	3	0	
897	0x140a27390	4611686018427387908	4	var 
898	0x140a273a0	4	0	
899	0x140a273b0	4611686018427387910	6	 = U2 
900	0x140a273c0	6	0	
902	0x140a273d0	4611686018427387910	6	 + U2 
903	0x140a273e0	6	0	
905	0x140a273f0	6	0	
908	0x140a27400	1	0	
909	0x140a27410	4611686018427387909	5	 & 1)
910	0x140a27420	5	0	
911	0x140a27430	0	0	
913	0x140a27440	1	0	
914	0x140a27450	4611686018427387910	6	 >> 1)
915	0x140a27460	6	0	
916	0x140a27470	0	0	
918	0x140a27480	7	0	
919	0x140a27490	23	0	
920	0x140a274a0	1	0	
921	0x140a274b0	6	0	
922	0x140a274c0	4	0	
923	0x140a274d0	4611686018427387914	10	 = load(<U
924	0x140a274f0	10	0	
925	0x140a27500	23	0	
926	0x140a27510	1	0	
928	0x140a27520	26	0	
929	0x140a27530	2	0	
930	0x140a27540	4611686018427387921	17	) // Output cache
931	0x140a27560	17	0	
934	0x140a27570	1	0	
936	0x140a27580	4611686018427388001	97	D:\\TuringComplete_Phu\\model\\simulation\\code_gen.nim(231, 5) `component.memory.index != NO_ALLOC` 
937	0x140a275f0	97	0	
938	0x140a27600	1	0	
939	0x140a27610	26	0	
940	0x140a27620	4611686018427387909	5	, U1 
941	0x140a27630	5	0	
942	0x140a27640	1	0	
946	0x140a27650	1	0	
948	0x140a27660	4611686018427388001	97	D:\\TuringComplete_Phu\\model\\simulation\\code_gen.nim(243, 5) `component.memory.index != NO_ALLOC` 
949	0x140a276d0	97	0	
950	0x140a276e0	26	0	
951	0x140a276f0	4611686018427387907	3	, U
952	0x140a27700	3	0	
953	0x140a27710	2	0	
954	0x140a27720	2	0	
958	0x140a27730	1	0	
960	0x140a27740	3	0	
962	0x140a27750	4611686018427387911	7	 == 1 {
963	0x140a27760	7	0	
969	0x140a27770	1	0	
971	0x140a27780	3	0	
973	0x140a27790	7	0	
975	0x140a277a0	30	0	
976	0x140a277b0	4611686018427387919	15	 + Int (min(7, 
977	0x140a277d0	15	0	
979	0x140a277e0	4611686018427387912	8	) * 8), 
980	0x140a27800	8	0	
982	0x140a27810	1	0	
984	0x140a27820	1	0	
986	0x140a27830	7	0	
987	0x140a27840	23	0	
988	0x140a27850	1	0	
991	0x140a27860	4611686018427387908	4	if v
992	0x140a27870	4	0	
993	0x140a27880	4611686018427387917	13	 > and_field_
994	0x140a278a0	13	0	
995	0x140a278b0	4611686018427387906	2	 {
996	0x140a278c0	2	0	
998	0x140a278d0	4611686018427387914	10	    halt()
999	0x140a278f0	10	0	
1001	0x140a27900	1	0	
1003	0x140a27910	4611686018427387909	5	let z
1004	0x140a27920	5	0	
1005	0x140a27930	4611686018427387908	4	 = v
1006	0x140a27940	4	0	
1007	0x140a27950	4611686018427387918	14	 >= and_field_
1008	0x140a27970	14	0	
1011	0x140a27980	148	0	
1012	0x140a27990	4	0	
1013	0x140a279a0	13	0	
1014	0x140a279b0	2	0	
1016	0x140a279c0	10	0	
1018	0x140a279d0	1	0	
1020	0x140a279e0	5	0	
1021	0x140a279f0	4	0	
1022	0x140a27a00	14	0	
1025	0x140a27a10	148	0	
1026	0x140a27a20	4611686018427387915	11	.load_port_
1027	0x140a27a40	11	0	
1028	0x140a27a50	4611686018427387911	7	 = Int 
1029	0x140a27a60	7	0	
1031	0x140a27a70	3	0	
1033	0x140a27a80	0	0	
1034	0x140a27a90	7	0	
1035	0x140a27aa0	4611686018427387913	9	>, #DATA_
1036	0x140a27ac0	9	0	
1037	0x140a27ad0	3	0	
1038	0x140a27ae0	1	0	
1039	0x140a27af0	7	0	
1040	0x140a27b00	9	0	
1041	0x140a27b10	3	0	
1042	0x140a27b20	4611686018427387907	3	 - 
1043	0x140a27b30	3	0	
1044	0x140a27b40	1	0	
1045	0x140a27b50	6	0	
1046	0x140a27b60	4	0	
1047	0x140a27b70	3	0	
1051	0x140a27b80	26	0	
1052	0x140a27b90	2	0	
1053	0x140a27ba0	17	0	
1055	0x140a27bb0	7	0	
1056	0x140a27bc0	23	0	
1057	0x140a27bd0	1	0	
1060	0x140a27be0	4611686018427387912	8	tick_p2_
1061	0x140a27c00	8	0	
1062	0x140a27c10	4	0	
1063	0x140a27c20	4611686018427387916	12	 = .tick + 2
1064	0x140a27c40	12	0	
1066	0x140a27c50	4611686018427387910	6	store(
1067	0x140a27c60	6	0	
1068	0x140a27c80	4611686018427387924	20	#SIMULATION_STATE + 
1069	0x140a27ca0	20	0	
1070	0x140a27cb0	4	0	
1071	0x140a27cc0	4611686018427387907	3	 % 
1072	0x140a27cd0	3	0	
1074	0x140a27ce0	4611686018427387908	4	) * 
1075	0x140a27cf0	4	0	
1076	0x140a27d00	3	0	
1077	0x140a27d10	1	0	
1078	0x140a27d20	4611686018427387909	5	 - 1)
1079	0x140a27d30	5	0	
1081	0x140a27d40	2	0	
1083	0x140a27d50	1	0	
1085	0x140a27d60	6	0	
1086	0x140a27d70	1	0	
1087	0x140a27d80	5	0	
1089	0x140a27d90	2	0	
1090	0x140a27da0	1	0	
1092	0x140a27db0	4611686018427387911	7	enable_
1093	0x140a27dc0	7	0	
1094	0x140a27dd0	6	0	
1095	0x140a27de0	4	0	
1096	0x140a27df0	4611686018427387918	14	 = load(<U1>, 
1097	0x140a27e10	14	0	
1099	0x140a27e20	1	0	
1101	0x140a27e30	4	0	
1102	0x140a27e40	10	0	
1103	0x140a27e50	4611686018427387907	3	>, 
1104	0x140a27e60	3	0	
1106	0x140a27e70	1	0	
1109	0x140a27e80	26	0	
1110	0x140a27e90	2	0	
1111	0x140a27ea0	1	0	
1113	0x140a27eb0	26	0	
1114	0x140a27ec0	2	0	
1115	0x140a27ed0	1	0	
1117	0x140a27ee0	7	0	
1118	0x140a27ef0	23	0	
1119	0x140a27f00	1	0	
1120	0x140a27f20	4611686018427387935	31	load(<U8>, #SIMULATION_STATE + 
1121	0x140a27f50	31	0	
1122	0x140a27f60	1	0	
1124	0x140a27f70	4	0	
1125	0x140a27f80	13	0	
1126	0x140a27f90	2	0	
1128	0x140a27fa0	10	0	
1130	0x140a27fb0	1	0	
1132	0x140a27fc0	5	0	
1133	0x140a27fd0	4	0	
1134	0x140a27fe0	14	0	
1137	0x140a27ff0	148	0	
1138	0x140a28000	4	0	
1139	0x140a28010	13	0	
1140	0x140a28020	2	0	
1142	0x140a28030	10	0	
1144	0x140a28040	1	0	
1146	0x140a28050	5	0	
1147	0x140a28060	4	0	
1148	0x140a28070	14	0	
1151	0x140a28080	148	0	
1152	0x140a28090	4	0	
1153	0x140a280a0	13	0	
1154	0x140a280b0	2	0	
1156	0x140a280c0	10	0	
1158	0x140a280d0	1	0	
1160	0x140a280e0	5	0	
1161	0x140a280f0	4	0	
1162	0x140a28100	14	0	
1165	0x140a28110	148	0	
1166	0x140a28120	1	0	
1168	0x140a28130	3	0	
1169	0x140a28140	1	0	
1170	0x140a28150	0	0	
1171	0x140a28160	0	0	
1172	0x140a28170	4611686018427387910	6	#DATA_
1173	0x140a28180	6	0	
1174	0x140a28190	4611686018427387911	7	 + Int 
1175	0x140a281a0	7	0	
1176	0x140a281b0	6	0	
1177	0x140a281c0	3	0	
1178	0x140a281d0	6	0	
1179	0x140a281e0	4611686018427387912	8	 + Int (
1180	0x140a28200	8	0	
1181	0x140a28210	3	0	
1182	0x140a28220	1	0	
1183	0x140a28230	6	0	
1184	0x140a28240	3	0	
1185	0x140a28250	4611686018427387912	8	if Bool 
1186	0x140a28270	8	0	
1188	0x140a28280	2	0	
1190	0x140a28290	4611686018427387914	10	    store(
1191	0x140a282b0	10	0	
1192	0x140a282c0	2	0	
1194	0x140a282d0	2	0	
1196	0x140a282e0	10	0	
1197	0x140a282f0	3	0	
1198	0x140a28300	4611686018427387908	4	 0)\n
1199	0x140a28310	4	0	
1201	0x140a28320	1	0	
1210	0x140a28330	4611686018427387916	12	 & 1 == 0 ? 
1211	0x140a28350	12	0	
1213	0x140a28360	4611686018427387907	3	 : 
1214	0x140a28370	3	0	
1216	0x140a28380	0	0	
1218	0x140a28390	4611686018427387907	3	val
1219	0x140a283a0	3	0	
1220	0x140a283b0	4	0	
1221	0x140a283c0	3	0	
1224	0x140a283d0	4611686018427387910	6	(U64 (
1225	0x140a283e0	6	0	
1226	0x140a283f0	4611686018427387911	7	 == 0))
1227	0x140a28400	7	0	
1228	0x140a28410	0	0	
1230	0x140a28420	6	0	
1231	0x140a28430	4611686018427387911	7	 == 1))
1232	0x140a28440	7	0	
1233	0x140a28450	0	0	
1235	0x140a28460	3	0	
1236	0x140a28470	4	0	
1237	0x140a28480	3	0	
1240	0x140a28490	6	0	
1241	0x140a284a0	7	0	
1242	0x140a284b0	0	0	
1244	0x140a284c0	6	0	
1245	0x140a284d0	7	0	
1246	0x140a284e0	0	0	
1248	0x140a284f0	6	0	
1249	0x140a28500	4611686018427387911	7	 == 2))
1250	0x140a28510	7	0	
1251	0x140a28520	0	0	
1253	0x140a28530	6	0	
1254	0x140a28540	4611686018427387911	7	 == 3))
1255	0x140a28550	7	0	
1256	0x140a28560	0	0	
1258	0x140a28570	3	0	
1259	0x140a28580	4	0	
1260	0x140a28590	4611686018427387911	7	 = ((((
1261	0x140a285a0	7	0	
1263	0x140a285c0	4611686018427387927	23	) & 1) == 1) ? 8 : U8 (
1264	0x140a285e0	23	0	
1266	0x140a285f0	4611686018427387914	10	 & 0b111))
1267	0x140a28610	10	0	
1269	0x140a28620	6	0	
1270	0x140a28630	7	0	
1271	0x140a28640	0	0	
1273	0x140a28650	6	0	
1274	0x140a28660	7	0	
1275	0x140a28670	0	0	
1277	0x140a28680	6	0	
1278	0x140a28690	7	0	
1279	0x140a286a0	0	0	
1281	0x140a286b0	6	0	
1282	0x140a286c0	7	0	
1283	0x140a286d0	0	0	
1285	0x140a286e0	6	0	
1286	0x140a286f0	4611686018427387911	7	 == 4))
1287	0x140a28700	7	0	
1288	0x140a28710	0	0	
1290	0x140a28720	6	0	
1291	0x140a28730	4611686018427387911	7	 == 5))
1292	0x140a28740	7	0	
1293	0x140a28750	0	0	
1295	0x140a28760	6	0	
1296	0x140a28770	4611686018427387911	7	 == 6))
1297	0x140a28780	7	0	
1298	0x140a28790	0	0	
1300	0x140a287a0	6	0	
1301	0x140a287b0	4611686018427387911	7	 == 7))
1302	0x140a287c0	7	0	
1303	0x140a287d0	0	0	
1305	0x140a287e0	4611686018427387909	5	 & 0b
1306	0x140a287f0	5	0	
1307	0x140a28800	4611686018427387906	2	( 
1308	0x140a28810	2	0	
1309	0x140a28820	1	0	
1310	0x140a28830	0	0	
1312	0x140a28840	4611686018427387905	1	~
1313	0x140a28850	1	0	
1315	0x140a28860	0	0	
1317	0x140a28870	1	0	
1319	0x140a28880	3	0	
1321	0x140a28890	1	0	
1322	0x140a288a0	0	0	
1324	0x140a288b0	1	0	
1326	0x140a288c0	3	0	
1328	0x140a288d0	1	0	
1329	0x140a288e0	0	0	
1331	0x140a288f0	2	0	
1333	0x140a28900	3	0	
1335	0x140a28910	1	0	
1336	0x140a28920	0	0	
1338	0x140a28930	2	0	
1340	0x140a28940	3	0	
1342	0x140a28950	1	0	
1343	0x140a28960	0	0	
1345	0x140a28970	1	0	
1347	0x140a28980	3	0	
1349	0x140a28990	1	0	
1350	0x140a289a0	0	0	
1352	0x140a289b0	2	0	
1354	0x140a289c0	3	0	
1356	0x140a289d0	1	0	
1357	0x140a289e0	0	0	
1359	0x140a289f0	4611686018427387907	3	(- 
1360	0x140a28a00	3	0	
1362	0x140a28a10	1	0	
1363	0x140a28a20	0	0	
1366	0x140a28a30	4611686018427387908	4	 + 1
1367	0x140a28a40	4	0	
1368	0x140a28a50	0	0	
1370	0x140a28a60	4611686018427387908	4	sum_
1371	0x140a28a70	4	0	
1372	0x140a28a80	4	0	
1373	0x140a28a90	4611686018427387910	6	_1 = U
1374	0x140a28aa0	6	0	
1375	0x140a28ab0	1	0	
1378	0x140a28ac0	4	0	
1379	0x140a28ad0	4611686018427387910	6	_2 = U
1380	0x140a28ae0	6	0	
1381	0x140a28af0	1	0	
1384	0x140a28b00	4	0	
1385	0x140a28b10	4611686018427387910	6	 = ((U
1386	0x140a28b20	6	0	
1387	0x140a28b30	1	0	
1389	0x140a28b40	4611686018427387912	8	 & 1) + 
1390	0x140a28b60	8	0	
1391	0x140a28b70	4611686018427387909	5	_1 + 
1392	0x140a28b80	5	0	
1393	0x140a28b90	4611686018427387907	3	_2)
1394	0x140a28ba0	3	0	
1396	0x140a28bb0	0	0	
1398	0x140a28bc0	1	0	
1399	0x140a28bd0	4611686018427387908	4	 >> 
1400	0x140a28be0	4	0	
1401	0x140a28bf0	1	0	
1402	0x140a28c00	0	0	
1404	0x140a28c10	4	0	
1405	0x140a28c20	4611686018427387909	5	_1 = 
1406	0x140a28c30	5	0	
1409	0x140a28c40	4	0	
1410	0x140a28c50	4611686018427387909	5	_2 = 
1411	0x140a28c60	5	0	
1414	0x140a28c70	4	0	
1415	0x140a28c80	4611686018427387908	4	 = (
1416	0x140a28c90	4	0	
1418	0x140a28ca0	4611686018427387911	7	 & 1 + 
1419	0x140a28cb0	7	0	
1420	0x140a28cc0	5	0	
1421	0x140a28cd0	3	0	
1423	0x140a28ce0	0	0	
1425	0x140a28cf0	1	0	
1426	0x140a28d00	4611686018427387907	3	 < 
1427	0x140a28d10	3	0	
1428	0x140a28d20	4611686018427387910	6	_1 || 
1429	0x140a28d30	6	0	
1430	0x140a28d40	3	0	
1431	0x140a28d50	3	0	
1432	0x140a28d60	0	0	
1434	0x140a28d70	1	0	
1436	0x140a28d80	4611686018427387907	3	 * 
1437	0x140a28d90	3	0	
1439	0x140a28da0	1	0	
1440	0x140a28db0	0	0	
1442	0x140a28dc0	4611686018427387913	9	divident_
1443	0x140a28de0	9	0	
1444	0x140a28df0	4611686018427387913	9	quotient_
1445	0x140a28e10	9	0	
1446	0x140a28e20	4611686018427387912	8	divisor_
1447	0x140a28e40	8	0	
1448	0x140a28e50	4	0	
1449	0x140a28e60	3	0	
1452	0x140a28e70	4	0	
1453	0x140a28e80	3	0	
1456	0x140a28e90	4	0	
1457	0x140a28ea0	3	0	
1458	0x140a28eb0	4611686018427387907	3	 / 
1459	0x140a28ec0	3	0	
1461	0x140a28ed0	0	0	
1463	0x140a28ee0	9	0	
1464	0x140a28ef0	4611686018427387914	10	remainder_
1465	0x140a28f10	10	0	
1466	0x140a28f20	8	0	
1467	0x140a28f30	4	0	
1468	0x140a28f40	3	0	
1471	0x140a28f50	4	0	
1472	0x140a28f60	3	0	
1475	0x140a28f70	4	0	
1476	0x140a28f80	3	0	
1477	0x140a28f90	3	0	
1479	0x140a28fa0	0	0	
1481	0x140a28fb0	1	0	
1483	0x140a28fc0	4611686018427387908	4	 == 
1484	0x140a28fd0	4	0	
1486	0x140a28fe0	1	0	
1487	0x140a28ff0	0	0	
1489	0x140a29000	6	0	
1491	0x140a29010	4611686018427387913	9	) < U64 (
1492	0x140a29030	9	0	
1494	0x140a29040	2	0	
1495	0x140a29050	0	0	
1497	0x140a29060	4611686018427387906	2	(S
1498	0x140a29070	2	0	
1499	0x140a29080	2	0	
1501	0x140a29090	4611686018427387909	5	) < S
1502	0x140a290a0	5	0	
1503	0x140a290b0	2	0	
1505	0x140a290c0	2	0	
1506	0x140a290d0	0	0	
1510	0x140a290e0	1	0	
1512	0x140a290f0	4611686018427387908	4	 << 
1513	0x140a29100	4	0	
1515	0x140a29110	1	0	
1516	0x140a29120	0	0	
1519	0x140a29130	4611686018427387909	5	 << U
1520	0x140a29140	5	0	
1521	0x140a29150	1	0	
1523	0x140a29160	0	0	
1525	0x140a29170	1	0	
1527	0x140a29180	4	0	
1529	0x140a29190	1	0	
1530	0x140a291a0	0	0	
1533	0x140a291b0	4611686018427387909	5	 >> U
1534	0x140a291c0	5	0	
1535	0x140a291d0	1	0	
1537	0x140a291e0	0	0	
1539	0x140a291f0	4611686018427387905	1	S
1540	0x140a29200	1	0	
1541	0x140a29210	0	0	
1542	0x140a29220	4611686018427387908	4	asr(
1543	0x140a29230	4	0	
1544	0x140a29240	1	0	
1546	0x140a29250	2	0	
1547	0x140a29260	1	0	
1549	0x140a29270	1	0	
1550	0x140a29280	0	0	
1552	0x140a29290	4611686018427387908	4	rol(
1553	0x140a292a0	4	0	
1555	0x140a292b0	2	0	
1557	0x140a292c0	1	0	
1558	0x140a292d0	0	0	
1560	0x140a292e0	4611686018427387908	4	ror(
1561	0x140a292f0	4	0	
1563	0x140a29300	2	0	
1565	0x140a29310	1	0	
1566	0x140a29320	0	0	
1568	0x140a29330	4611686018427387910	6	input_
1569	0x140a29340	6	0	
1570	0x140a29350	4	0	
1571	0x140a29360	3	0	
1574	0x140a29370	0	0	
1576	0x140a29380	1	0	
1577	0x140a29390	10	0	
1578	0x140a293a0	0	0	
1580	0x140a293b0	6	0	
1581	0x140a293c0	4	0	
1582	0x140a293d0	3	0	
1585	0x140a293e0	0	0	
1587	0x140a293f0	1	0	
1588	0x140a29400	10	0	
1589	0x140a29410	0	0	
1591	0x140a29420	1	0	
1592	0x140a29430	10	0	
1593	0x140a29440	0	0	
1595	0x140a29450	1	0	
1596	0x140a29460	10	0	
1597	0x140a29470	0	0	
1599	0x140a29480	6	0	
1600	0x140a29490	4	0	
1601	0x140a294a0	3	0	
1604	0x140a294b0	0	0	
1606	0x140a294c0	1	0	
1607	0x140a294d0	10	0	
1608	0x140a294e0	0	0	
1610	0x140a294f0	1	0	
1611	0x140a29500	10	0	
1612	0x140a29510	0	0	
1614	0x140a29520	1	0	
1615	0x140a29530	10	0	
1616	0x140a29540	0	0	
1618	0x140a29550	1	0	
1619	0x140a29560	4611686018427387914	10	 >> 4) & 1
1620	0x140a29580	10	0	
1621	0x140a29590	0	0	
1623	0x140a295a0	1	0	
1624	0x140a295b0	4611686018427387914	10	 >> 5) & 1
1625	0x140a295d0	10	0	
1626	0x140a295e0	0	0	
1628	0x140a295f0	1	0	
1629	0x140a29600	4611686018427387914	10	 >> 6) & 1
1630	0x140a29620	10	0	
1631	0x140a29630	0	0	
1633	0x140a29640	1	0	
1634	0x140a29650	4611686018427387914	10	 >> 7) & 1
1635	0x140a29670	10	0	
1636	0x140a29680	0	0	
1638	0x140a29690	1	0	
1639	0x140a296a0	3	0	
1640	0x140a296b0	4611686018427387907	3	 0b
1641	0x140a296c0	3	0	
1643	0x140a296d0	1	0	
1644	0x140a296e0	1	0	
1645	0x140a296f0	1	0	
1646	0x140a29700	0	0	
1648	0x140a29710	1	0	
1649	0x140a29720	2	0	
1650	0x140a29730	4	0	
1651	0x140a29740	2	0	
1652	0x140a29750	0	0	
1654	0x140a29760	1	0	
1655	0x140a29770	5	0	
1657	0x140a29780	1	0	
1658	0x140a29790	1	0	
1659	0x140a297a0	1	0	
1660	0x140a297b0	0	0	
1662	0x140a297c0	1	0	
1663	0x140a297d0	2	0	
1664	0x140a297e0	4	0	
1665	0x140a297f0	2	0	
1666	0x140a29800	0	0	
1668	0x140a29810	1	0	
1669	0x140a29820	2	0	
1670	0x140a29830	4	0	
1671	0x140a29840	2	0	
1672	0x140a29850	0	0	
1674	0x140a29860	1	0	
1675	0x140a29870	2	0	
1676	0x140a29880	4	0	
1677	0x140a29890	2	0	
1678	0x140a298a0	0	0	
1680	0x140a298b0	1	0	
1681	0x140a298c0	5	0	
1683	0x140a298d0	1	0	
1684	0x140a298e0	1	0	
1685	0x140a298f0	1	0	
1686	0x140a29900	0	0	
1688	0x140a29910	1	0	
1689	0x140a29920	2	0	
1690	0x140a29930	4	0	
1691	0x140a29940	2	0	
1692	0x140a29950	0	0	
1694	0x140a29960	1	0	
1695	0x140a29970	2	0	
1696	0x140a29980	4	0	
1697	0x140a29990	2	0	
1698	0x140a299a0	0	0	
1700	0x140a299b0	1	0	
1701	0x140a299c0	2	0	
1702	0x140a299d0	4	0	
1703	0x140a299e0	2	0	
1704	0x140a299f0	0	0	
1706	0x140a29a00	1	0	
1707	0x140a29a10	2	0	
1708	0x140a29a20	4	0	
1709	0x140a29a30	2	0	
1710	0x140a29a40	0	0	
1712	0x140a29a50	1	0	
1713	0x140a29a60	2	0	
1714	0x140a29a70	4	0	
1715	0x140a29a80	2	0	
1716	0x140a29a90	0	0	
1718	0x140a29aa0	1	0	
1719	0x140a29ab0	2	0	
1720	0x140a29ac0	4	0	
1721	0x140a29ad0	2	0	
1722	0x140a29ae0	0	0	
1724	0x140a29af0	1	0	
1725	0x140a29b00	2	0	
1726	0x140a29b10	4	0	
1727	0x140a29b20	2	0	
1728	0x140a29b30	0	0	
1730	0x140a29b40	4611686018427387908	4	(U8 
1731	0x140a29b50	4	0	
1733	0x140a29b60	4611686018427387911	7	 | (U8 
1734	0x140a29b70	7	0	
1736	0x140a29b80	4611686018427387911	7	 << 1))
1737	0x140a29b90	7	0	
1738	0x140a29ba0	0	0	
1740	0x140a29bb0	4	0	
1742	0x140a29bc0	4611686018427387909	5	 | ((
1743	0x140a29bd0	5	0	
1745	0x140a29be0	4611686018427387920	16	 & 1) << 1) | ((
1746	0x140a29c00	16	0	
1748	0x140a29c20	4611686018427387920	16	 & 1) << 2) | ((
1749	0x140a29c40	16	0	
1751	0x140a29c50	4611686018427387916	12	 & 1) << 3))
1752	0x140a29c70	12	0	
1753	0x140a29c80	0	0	
1755	0x140a29c90	4	0	
1757	0x140a29ca0	5	0	
1759	0x140a29cb0	16	0	
1761	0x140a29cc0	16	0	
1763	0x140a29ce0	4611686018427387920	16	 & 1) << 3) | ((
1764	0x140a29d00	16	0	
1766	0x140a29d20	4611686018427387920	16	 & 1) << 4) | ((
1767	0x140a29d40	16	0	
1769	0x140a29d60	4611686018427387920	16	 & 1) << 5) | ((
1770	0x140a29d80	16	0	
1772	0x140a29da0	4611686018427387920	16	 & 1) << 6) | ((
1773	0x140a29dc0	16	0	
1775	0x140a29dd0	4611686018427387916	12	 & 1) << 7))
1776	0x140a29df0	12	0	
1777	0x140a29e00	0	0	
1779	0x140a29e10	1	0	
1780	0x140a29e20	1	0	
1781	0x140a29e30	1	0	
1783	0x140a29e40	5	0	
1785	0x140a29e50	4611686018427387909	5	) << 
1786	0x140a29e60	5	0	
1787	0x140a29e70	1	0	
1788	0x140a29e80	2	0	
1789	0x140a29e90	0	0	
1791	0x140a29ea0	1	0	
1792	0x140a29eb0	1	0	
1793	0x140a29ec0	1	0	
1795	0x140a29ed0	5	0	
1797	0x140a29ee0	5	0	
1798	0x140a29ef0	1	0	
1799	0x140a29f00	4611686018427387909	5	) |((
1800	0x140a29f10	5	0	
1802	0x140a29f20	5	0	
1803	0x140a29f30	1	0	
1804	0x140a29f40	4611686018427387910	6	) | ((
1805	0x140a29f50	6	0	
1807	0x140a29f60	5	0	
1808	0x140a29f70	1	0	
1809	0x140a29f80	2	0	
1810	0x140a29f90	0	0	
1812	0x140a29fa0	1	0	
1813	0x140a29fb0	1	0	
1814	0x140a29fc0	1	0	
1816	0x140a29fd0	5	0	
1818	0x140a29fe0	5	0	
1819	0x140a29ff0	5	0	
1821	0x140a2a000	5	0	
1822	0x140a2a010	6	0	
1824	0x140a2a020	5	0	
1825	0x140a2a030	6	0	
1827	0x140a2a040	5	0	
1828	0x140a2a050	6	0	
1830	0x140a2a060	5	0	
1831	0x140a2a070	6	0	
1833	0x140a2a080	5	0	
1834	0x140a2a090	6	0	
1836	0x140a2a0a0	5	0	
1837	0x140a2a0b0	2	0	
1838	0x140a2a0c0	0	0	
1840	0x140a2a0d0	1	0	
1842	0x140a2a0e0	3	0	
1844	0x140a2a0f0	7	0	
1850	0x140a2a100	1	0	
1852	0x140a2a110	1	0	
1854	0x140a2a120	3	0	
1856	0x140a2a130	4611686018427387912	8	 == 1 {\n
1857	0x140a2a150	8	0	
1863	0x140a2a160	4611686018427387913	9	} else {\n
1864	0x140a2a180	9	0	
1867	0x140a2a190	1	0	
1868	0x140a2a1a0	4611686018427387909	5	 + 1)
1869	0x140a2a1b0	5	0	
1872	0x140a2a1c0	1	0	
1874	0x140a2a1d0	3	0	
1876	0x140a2a1e0	0	0	
1878	0x140a2a1f0	3	0	
1880	0x140a2a200	0	0	
1882	0x140a2a210	1	0	
1884	0x140a2a220	1	0	
1886	0x140a2a230	0	0	
1890	0x140a2a240	0	0	
1892	0x140a2a250	2	0	
1893	0x140a2a260	2	0	
1895	0x140a2a270	4	0	
1896	0x140a2a280	2	0	
1897	0x140a2a290	0	0	
1899	0x140a2a2a0	2	0	
1900	0x140a2a2b0	2	0	
1902	0x140a2a2c0	5	0	
1903	0x140a2a2d0	1	0	
1904	0x140a2a2e0	0	0	
1906	0x140a2a2f0	1	0	
1907	0x140a2a300	1	0	
1908	0x140a2a310	1	0	
1910	0x140a2a320	5	0	
1912	0x140a2a330	5	0	
1913	0x140a2a340	2	0	
1914	0x140a2a350	0	0	
1916	0x140a2a360	1	0	
1917	0x140a2a370	1	0	
1918	0x140a2a380	1	0	
1920	0x140a2a390	5	0	
1922	0x140a2a3a0	5	0	
1923	0x140a2a3b0	6	0	
1925	0x140a2a3c0	5	0	
1926	0x140a2a3d0	6	0	
1928	0x140a2a3e0	5	0	
1929	0x140a2a3f0	2	0	
1930	0x140a2a400	0	0	
1932	0x140a2a410	1	0	
1933	0x140a2a420	1	0	
1934	0x140a2a430	1	0	
1936	0x140a2a440	5	0	
1938	0x140a2a450	5	0	
1939	0x140a2a460	6	0	
1941	0x140a2a470	5	0	
1942	0x140a2a480	6	0	
1944	0x140a2a490	5	0	
1945	0x140a2a4a0	6	0	
1947	0x140a2a4b0	5	0	
1948	0x140a2a4c0	6	0	
1950	0x140a2a4d0	5	0	
1951	0x140a2a4e0	6	0	
1953	0x140a2a4f0	5	0	
1954	0x140a2a500	6	0	
1956	0x140a2a510	5	0	
1957	0x140a2a520	2	0	
1958	0x140a2a530	0	0	
1961	0x140a2a540	0	0	
1963	0x140a2a560	4611686018427387983	79	D:\\TuringComplete_Phu\\model\\simulation\\code_gen.nim(1194, 11) `property != ""` 
1964	0x140a2a5c0	79	0	
1965	0x140a2a5d0	7	0	
1966	0x140a2a5e0	4	0	
1967	0x140a2a5f0	3	0	
1970	0x140a2a600	13	0	
1972	0x140a2a610	13	0	
1973	0x140a2a620	4611686018427387920	16	_enabled = Bool 
1974	0x140a2a640	16	0	
1976	0x140a2a650	7	0	
1977	0x140a2a660	4611686018427387911	7	result_
1978	0x140a2a670	7	0	
1979	0x140a2a680	4	0	
1980	0x140a2a690	3	0	
1983	0x140a2a6a0	4	0	
1984	0x140a2a6b0	4611686018427387908	4	 = U
1985	0x140a2a6c0	4	0	
1986	0x140a2a6d0	2	0	
1988	0x140a2a6e0	3	0	
1989	0x140a2a6f0	7	0	
1992	0x140a2a700	4	0	
1993	0x140a2a720	4611686018427387921	17	 arch_get_input()
1994	0x140a2a740	17	0	
1996	0x140a2a750	26	0	
1997	0x140a2a760	2	0	
1998	0x140a2a770	1	0	
2001	0x140a2a780	1	0	
2003	0x140a2a790	10	0	
2004	0x140a2a7a0	23	0	
2005	0x140a2a7b0	1	0	
2008	0x140a2a7c0	1	0	
2009	0x140a2a7d0	4611686018427387918	14	.level_output.
2010	0x140a2a7f0	14	0	
2011	0x140a2a800	3	0	
2012	0x140a2a810	2	0	
2014	0x140a2a820	1	0	
2016	0x140a2a830	14	0	
2017	0x140a2a840	4611686018427387912	8	_is_z = 
2018	0x140a2a860	8	0	
2019	0x140a2a870	4611686018427387908	4	true
2020	0x140a2a880	4	0	
2021	0x140a2a890	4611686018427387909	5	false
2022	0x140a2a8a0	5	0	
2023	0x140a2a8b0	4	0	
2024	0x140a2a8c0	5	0	
2025	0x140a2a8d0	4611686018427387906	2	!z
2026	0x140a2a8e0	2	0	
2030	0x140a2a8f0	1	0	
2031	0x140a2a900	14	0	
2032	0x140a2a910	3	0	
2033	0x140a2a920	2	0	
2035	0x140a2a930	4611686018427387909	5	) | (
2036	0x140a2a940	5	0	
2037	0x140a2a950	1	0	
2039	0x140a2a960	4611686018427387910	6	 << 1)
2040	0x140a2a970	6	0	
2042	0x140a2a980	14	0	
2043	0x140a2a990	8	0	
2045	0x140a2a9a0	4611686018427387908	4	 || 
2046	0x140a2a9b0	4	0	
2049	0x140a2a9c0	1	0	
2050	0x140a2a9d0	14	0	
2051	0x140a2a9e0	3	0	
2052	0x140a2a9f0	2	0	
2054	0x140a2aa00	5	0	
2055	0x140a2aa10	1	0	
2057	0x140a2aa20	4611686018427387914	10	 << 1) | (
2058	0x140a2aa40	10	0	
2059	0x140a2aa50	1	0	
2061	0x140a2aa60	4611686018427387910	6	 << 2)
2062	0x140a2aa70	6	0	
2064	0x140a2aa80	14	0	
2065	0x140a2aa90	8	0	
2067	0x140a2aaa0	4	0	
2069	0x140a2aab0	4	0	
2072	0x140a2aac0	1	0	
2073	0x140a2aad0	14	0	
2074	0x140a2aae0	3	0	
2075	0x140a2aaf0	2	0	
2077	0x140a2ab00	5	0	
2078	0x140a2ab10	1	0	
2080	0x140a2ab20	10	0	
2081	0x140a2ab30	1	0	
2083	0x140a2ab40	4611686018427387914	10	 << 2) | (
2084	0x140a2ab60	10	0	
2085	0x140a2ab70	1	0	
2087	0x140a2ab80	4611686018427387910	6	 << 3)
2088	0x140a2ab90	6	0	
2090	0x140a2aba0	14	0	
2091	0x140a2abb0	8	0	
2093	0x140a2abc0	4	0	
2095	0x140a2abd0	4	0	
2097	0x140a2abe0	4	0	
2100	0x140a2abf0	1	0	
2101	0x140a2ac00	14	0	
2102	0x140a2ac10	3	0	
2103	0x140a2ac20	2	0	
2105	0x140a2ac30	5	0	
2106	0x140a2ac40	1	0	
2108	0x140a2ac50	10	0	
2109	0x140a2ac60	1	0	
2111	0x140a2ac70	10	0	
2112	0x140a2ac80	1	0	
2114	0x140a2ac90	4611686018427387914	10	 << 3) | (
2115	0x140a2acb0	10	0	
2116	0x140a2acc0	1	0	
2118	0x140a2acd0	4611686018427387914	10	 << 4) | (
2119	0x140a2acf0	10	0	
2120	0x140a2ad00	1	0	
2122	0x140a2ad10	4611686018427387914	10	 << 5) | (
2123	0x140a2ad30	10	0	
2124	0x140a2ad40	1	0	
2126	0x140a2ad50	4611686018427387914	10	 << 6) | (
2127	0x140a2ad70	10	0	
2128	0x140a2ad80	1	0	
2130	0x140a2ad90	4611686018427387910	6	 << 7)
2131	0x140a2ada0	6	0	
2133	0x140a2adb0	14	0	
2134	0x140a2adc0	8	0	
2136	0x140a2add0	4	0	
2138	0x140a2ade0	4	0	
2140	0x140a2adf0	4	0	
2142	0x140a2ae00	4	0	
2144	0x140a2ae10	4	0	
2146	0x140a2ae20	4	0	
2148	0x140a2ae30	4	0	
2151	0x140a2ae40	14	0	
2152	0x140a2ae50	4611686018427387911	7	 = (U3 
2153	0x140a2ae60	7	0	
2155	0x140a2ae70	4611686018427387912	8	) + (U3 
2156	0x140a2ae90	8	0	
2158	0x140a2aea0	4611686018427387917	13	 << 1) + (U3 
2159	0x140a2aec0	13	0	
2161	0x140a2aed0	6	0	
2163	0x140a2aee0	14	0	
2164	0x140a2aef0	8	0	
2166	0x140a2af00	4	0	
2168	0x140a2af10	4	0	
2171	0x140a2af20	14	0	
2172	0x140a2af30	4	0	
2173	0x140a2af40	2	0	
2175	0x140a2af50	1	0	
2177	0x140a2af60	14	0	
2178	0x140a2af70	8	0	
2181	0x140a2af80	14	0	
2182	0x140a2af90	4	0	
2183	0x140a2afa0	2	0	
2185	0x140a2afb0	1	0	
2187	0x140a2afc0	14	0	
2188	0x140a2afd0	8	0	
2191	0x140a2afe0	14	0	
2192	0x140a2aff0	4611686018427387915	11	_enabled = 
2193	0x140a2b010	11	0	
2195	0x140a2b020	4611686018427387909	5	 == 1
2196	0x140a2b030	5	0	
2198	0x140a2b040	4611686018427387910	6	enable
2199	0x140a2b050	6	0	
2200	0x140a2b060	4	0	
2201	0x140a2b070	3	0	
2204	0x140a2b080	4611686018427387927	23	.input_replay[2] = U64 
2205	0x140a2b0a0	23	0	
2207	0x140a2b0b0	3	0	
2208	0x140a2b0c0	4611686018427387925	21	 == 1 && !.halt_run {
2209	0x140a2b0e0	21	0	
2211	0x140a2b0f0	4611686018427387911	7	    // 
2212	0x140a2b100	7	0	
2214	0x140a2b110	16	0	
2217	0x140a2b120	4611686018427387941	37	    #if in_scope(arch_check_output) {
2218	0x140a2b150	37	0	
2220	0x140a2b160	4611686018427387935	31	        var arch_output = value
2221	0x140a2b190	31	0	
2223	0x140a2b1a0	4611686018427387946	42	        .level_output.output = arch_output
2224	0x140a2b1e0	42	0	
2226	0x140a2b200	4611686018427387959	55	        let result = arch_check_output(Int arch_output)
2227	0x140a2b240	55	0	
2229	0x140a2b260	4611686018427387938	34	        handle_test_result(result)
2230	0x140a2b290	34	0	
2232	0x140a2b2a0	4611686018427387916	12	    } else {
2233	0x140a2b2c0	12	0	
2235	0x140a2b2e0	4611686018427387940	36	        .level_output.output = value
2236	0x140a2b310	36	0	
2238	0x140a2b320	5	0	
2240	0x140a2b330	1	0	
2242	0x140a2b340	4611686018427387934	30	#SIMULATION_KEYBOARD_CHARACTER
2243	0x140a2b370	30	0	
2244	0x140a2b380	4611686018427387935	31	#SIMULATION_KEYBOARD_COORDINATE
2245	0x140a2b3b0	31	0	
2246	0x140a2b3c0	1	0	
2247	0x140a2b3d0	0	0	
2249	0x140a2b3e0	1	0	
2250	0x140a2b3f0	0	0	
2252	0x140a2b400	1	0	
2253	0x140a2b410	0	0	
2255	0x140a2b420	4611686018427387915	11	read_index_
2256	0x140a2b440	11	0	
2257	0x140a2b450	4611686018427387916	12	write_index_
2258	0x140a2b470	12	0	
2259	0x140a2b480	4	0	
2260	0x140a2b490	4611686018427387919	15	 = load(<U16>, 
2261	0x140a2b4b0	15	0	
2262	0x140a2b4c0	4611686018427387920	16	 + 4096) & 0xfff
2263	0x140a2b4e0	16	0	
2265	0x140a2b4f0	4	0	
2266	0x140a2b500	15	0	
2267	0x140a2b520	4611686018427387920	16	 + 4098) & 0xfff
2268	0x140a2b540	16	0	
2270	0x140a2b560	4611686018427387921	17	let is_new_value_
2271	0x140a2b580	17	0	
2272	0x140a2b590	3	0	
2273	0x140a2b5a0	4611686018427387908	4	 != 
2274	0x140a2b5b0	4	0	
2276	0x140a2b5c0	4611686018427387920	16	if is_new_value_
2277	0x140a2b5e0	16	0	
2278	0x140a2b5f0	4611686018427387908	4	 && 
2279	0x140a2b600	4	0	
2281	0x140a2b610	7	0	
2284	0x140a2b620	4611686018427387928	24	let value = load(<U16>, 
2285	0x140a2b650	24	0	
2286	0x140a2b660	7	0	
2287	0x140a2b670	1	0	
2289	0x140a2b680	4611686018427387917	13	is_new_value_
2290	0x140a2b6a0	13	0	
2291	0x140a2b6b0	0	0	
2292	0x140a2b6c0	0	0	
2294	0x140a2b6d0	4611686018427387909	5	value
2295	0x140a2b6e0	5	0	
2296	0x140a2b6f0	0	0	
2298	0x140a2b700	4611686018427387916	12	(value >> 8)
2299	0x140a2b720	12	0	
2300	0x140a2b730	0	0	
2302	0x140a2b740	4611686018427387925	21	if value > 0 { store(
2303	0x140a2b760	21	0	
2304	0x140a2b770	4611686018427387918	14	 + 4096, U16 (
2305	0x140a2b790	14	0	
2306	0x140a2b7a0	4611686018427387912	8	 + 8)) }
2307	0x140a2b7c0	8	0	
2309	0x140a2b7d0	26	0	
2310	0x140a2b7e0	4611686018427387925	21	, ((U32 is_new_value_
2311	0x140a2b800	21	0	
2312	0x140a2b820	4611686018427387941	37	) << 16) | U32 value) // Output cache
2313	0x140a2b850	37	0	
2316	0x140a2b860	4611686018427387912	8	} else {
2317	0x140a2b880	8	0	
2320	0x140a2b890	1	0	
2321	0x140a2b8a0	4611686018427387920	16	 != load(<U16>, 
2322	0x140a2b8c0	16	0	
2323	0x140a2b8d0	4611686018427387913	9	 + 4098))
2324	0x140a2b8f0	9	0	
2325	0x140a2b900	0	0	
2327	0x140a2b910	26	0	
2328	0x140a2b920	4611686018427387923	19	, U32 is_new_value_
2329	0x140a2b940	19	0	
2330	0x140a2b950	4611686018427387911	7	 << 16)
2331	0x140a2b960	7	0	
2334	0x140a2b970	1	0	
2336	0x140a2b980	4611686018427387936	32	load(<U32>, #SIMULATION_STATE + 
2337	0x140a2b9b0	32	0	
2338	0x140a2b9c0	4611686018427387911	7	) >> 16
2339	0x140a2b9d0	7	0	
2340	0x140a2b9e0	0	0	
2342	0x140a2ba00	4611686018427387935	31	load(<U1>, #SIMULATION_STATE + 
2343	0x140a2ba30	31	0	
2344	0x140a2ba40	1	0	
2345	0x140a2ba50	0	0	
2347	0x140a2ba60	4611686018427387936	32	load(<U16>, #SIMULATION_STATE + 
2348	0x140a2ba90	32	0	
2349	0x140a2baa0	4611686018427387910	6	) >> 8
2350	0x140a2bab0	6	0	
2351	0x140a2bac0	0	0	
2353	0x140a2bad0	7	0	
2354	0x140a2bae0	4611686018427387924	20	preview_architecture
2355	0x140a2bb00	20	0	
2356	0x140a2bb10	4611686018427387911	7	foundry
2357	0x140a2bb20	7	0	
2358	0x140a2bb30	4611686018427387919	15	preview_foundry
2359	0x140a2bb50	15	0	
2360	0x140a2bb60	4611686018427388015	111	.time_component_last = max(.time_component_last, U64 last_time + U64 (.tick - ticks_at_start) * nanos_per_tick)
2361	0x140a2bbe0	111	0	
2363	0x140a2bc00	4611686018427387952	48	.time_component_last = U64 .tick * 1_000_000_000
2364	0x140a2bc40	48	0	
2366	0x140a2bc60	4611686018427387924	20	.time_component_last
2367	0x140a2bc80	20	0	
2368	0x140a2bc90	0	0	
2370	0x140a2bca0	3	0	
2372	0x140a2bcb0	7	0	
2374	0x140a2bcc0	4611686018427387919	15	    set_error(`
2375	0x140a2bce0	15	0	
2376	0x140a2bcf0	4611686018427387905	1	`
2377	0x140a2bd00	1	0	
2378	0x140a2bd10	0	0	
2379	0x140a2bd20	4611686018427387906	2	`)
2380	0x140a2bd30	2	0	
2382	0x140a2bd40	10	0	
2384	0x140a2bd50	1	0	
2386	0x140a2bd60	4611686018427387908	4	clz(
2387	0x140a2bd70	4	0	
2389	0x140a2bd80	1	0	
2390	0x140a2bd90	0	0	
2392	0x140a2bda0	4611686018427387916	12	min(clz(U64 
2393	0x140a2bdc0	12	0	
2395	0x140a2bdd0	4	0	
2397	0x140a2bde0	4611686018427387907	3	), 
2398	0x140a2bdf0	3	0	
2399	0x140a2be00	1	0	
2400	0x140a2be10	0	0	
2402	0x140a2be20	4611686018427387912	8	min(ctz(
2403	0x140a2be40	8	0	
2405	0x140a2be50	3	0	
2406	0x140a2be60	1	0	
2407	0x140a2be70	0	0	
2409	0x140a2be80	4	0	
2410	0x140a2be90	13	0	
2411	0x140a2bea0	2	0	
2413	0x140a2beb0	10	0	
2415	0x140a2bec0	1	0	
2417	0x140a2bed0	5	0	
2418	0x140a2bee0	4	0	
2419	0x140a2bef0	14	0	
2422	0x140a2bf00	148	0	
2423	0x140a2bf10	148	0	
2425	0x140a2bf20	4611686018427389569	1665	\n}\n\ndef mode_run(target_tick: Int) {\n\n    if get_setting(sim_test_result) == U64 win { return }\n    if (get_setting(sim_test_result) == U64 fail && .tick + 1 >= #TICK_PAST_FAIL) { return }\n    if get_setting(sim_short_circuit_component_id_1) != 0 { return }\n\n    var halt_run = false\n\n    var original_start_time = Time 0\n    var orig_start_tick = U64 .tick\n    var last_time = original_start_time\n\n    var burst_ticks = 1\n\n    var nanos_per_tick = U64 0\n\n    var i = 0\n    var last_target_speed = U64 0\n    var speed = U64 1\n\n    while get_command(ctl_command_id) == .last_command_id && !halt_run && target_tick > .tick {\n        i += 1\n\n        let target_speed = max(1, get_command(ctl_tick_speed_ms))\n\n        if target_speed != last_target_speed {\n\n            original_start_time = get_time()\n            orig_start_tick = U64 .tick\n            last_time = original_start_time\n\n            speed = min(U64 get_command(ctl_tick_speed_ms), 10000000000000) // Cap at 10 ghz to avoid overflow\n            last_target_speed = target_speed\n\n        }\n\n        let ticks_at_start = .tick\n        let burst_target = .tick + burst_ticks\n\n        var burst_target_tick = min(target_tick, burst_target)\n\n        def halt() {\n\n            .burst_target_tick = .tick\n            .halt_run = true\n\n        }\n\n        def handle_test_result(result: TestResult) {\n\n            if result != pass {\n\n                var res = result\n\n                halt() // Halt regardless of wether we are above '#TICK_PAST_FAIL'\n\n                set_setting(sim_test_result, max(get_setting(sim_test_result), U64 res))\n\n            }\n\n        }\n\n        while .tick < burst_target_tick {\n\n
2426	0x140a2c5b0	1665	0	
2427	0x140a2c5c0	4611686018427387966	62	            .level_input = get_input(.tick + 1)\n            \n\n
2428	0x140a2c610	62	0	
2430	0x140a2c620	4611686018427388046	142	D:\\TuringComplete_Phu\\model\\simulation\\code_gen.nim(2239, 9) `info.fast_pass_uses_left == 0` Not all bus values are resolved in the run phase 
2431	0x140a2c6c0	142	0	
2432	0x140a2c6d0	1	0	
2433	0x140a2c6e0	4611686018427388061	157	C:\\Users\\Admin\\.choosenim\\toolchains\\nim-2.2.6\\lib\\pure\\collections\\tables.nim(771, 13) `len(t) == L` the length of the table changed while iterating over it
2434	0x140a2c790	157	0	
2436	0x140a2c7a0	148	0	
2437	0x140a2c7b0	4611686018427387914	10	logic_idx_
2438	0x140a2c7d0	10	0	
2439	0x140a2c7e0	4	0	
2440	0x140a2c7f0	7	0	
2442	0x140a2c800	4611686018427387913	9	 & 0xffff
2443	0x140a2c820	9	0	
2445	0x140a2c830	4611686018427387910	6	count_
2446	0x140a2c840	6	0	
2447	0x140a2c850	4611686018427387910	6	start_
2448	0x140a2c860	6	0	
2449	0x140a2c870	4611686018427387911	7	finish_
2450	0x140a2c880	7	0	
2451	0x140a2c890	4	0	
2452	0x140a2c8a0	4611686018427387929	25	 = load(<U16>, #SETTINGS_
2453	0x140a2c8d0	25	0	
2454	0x140a2c8e0	1	0	
2456	0x140a2c8f0	4	0	
2457	0x140a2c900	4611686018427387917	13	 = #SETTINGS_
2458	0x140a2c920	13	0	
2459	0x140a2c930	4611686018427387908	4	 + 2
2460	0x140a2c940	4	0	
2462	0x140a2c950	4	0	
2463	0x140a2c960	3	0	
2464	0x140a2c970	8	0	
2465	0x140a2c980	4611686018427387909	5	 * 2)
2466	0x140a2c990	5	0	
2468	0x140a2c9a0	4611686018427387914	10	while Int 
2469	0x140a2c9c0	10	0	
2470	0x140a2c9d0	4611686018427387911	7	 < Int 
2471	0x140a2c9e0	7	0	
2472	0x140a2c9f0	2	0	
2474	0x140a2ca00	4611686018427387927	23	    if Int load(<U16>, 
2475	0x140a2ca20	23	0	
2476	0x140a2ca30	4611686018427387909	5	) == 
2477	0x140a2ca40	5	0	
2478	0x140a2ca50	2	0	
2480	0x140a2ca60	4611686018427387918	14	        halt()
2481	0x140a2ca80	14	0	
2483	0x140a2ca90	4611686018427387917	13	        break
2484	0x140a2cab0	13	0	
2486	0x140a2cac0	5	0	
2488	0x140a2cad0	4	0	
2489	0x140a2cae0	4611686018427387909	5	 += 2
2490	0x140a2caf0	5	0	
2492	0x140a2cb00	1	0	
2494	0x140a2cb10	148	0	
2495	0x140a2cb20	4611686018427387909	5	\n    
2496	0x140a2cb30	5	0	
2497	0x140a2cb40	4611686018427387927	23	\n            let index_
2498	0x140a2cb60	23	0	
2499	0x140a2cb80	4611686018427387921	17	 = (.tick + 1) * 
2500	0x140a2cba0	17	0	
2501	0x140a2cbb0	4611686018427387911	7	 * 9 + 
2502	0x140a2cbc0	7	0	
2504	0x140a2cbd0	1	0	
2505	0x140a2cbe0	4611686018427387956	52	\n            store(Ptr .output_history_pins + index_
2506	0x140a2cc20	52	0	
2507	0x140a2cc40	4611686018427387923	19	, U1 .level_output.
2508	0x140a2cc60	19	0	
2509	0x140a2cc70	4611686018427387911	7	_is_z)\n
2510	0x140a2cc80	7	0	
2511	0x140a2cc90	52	0	
2512	0x140a2cca0	4611686018427387928	24	 + 1, U64 .level_output.
2513	0x140a2ccd0	24	0	
2514	0x140a2cce0	2	0	
2515	0x140a2ccf0	148	0	
2516	0x140a2cd00	4611686018427388038	134	\n\n\n\n            let result = check_output(.tick + 1, .level_input, .level_output)\n            handle_test_result(result)\n\n            
2517	0x140a2cd90	134	0	
2518	0x140a2cda0	4611686018427388042	138	\n            if .tick + 1 >= #TICK_PAST_FAIL {\n                halt()\n                .tick = #TICK_PAST_FAIL - 2\n            }\n          
2519	0x140a2ce40	138	0	
2520	0x140a2ce60	4611686018427389253	1349	\n            .tick += 1 // Do this late as it signals to the front end that it can update\n\n        }\n\n        set_setting(sim_tick, U64 .tick)\n\n        let time_now = get_time()\n\n        let time_diff = U64 (time_now - last_time)\n\n        nanos_per_tick = time_diff / U64 burst_ticks\n\n        if time_now - last_time > 33.ms() {\n\n            // Burst took too long\n            burst_ticks = max(1, burst_ticks - 1)\n\n        } else {\n\n            // Burst was too fast\n            burst_ticks = burst_ticks + 1\n\n        }\n\n        #if in_scope(on_ui_update){\n\n            on_ui_update(.level_input, .level_output)\n\n        }\n\n        last_time = time_now\n\n\n        def get_target_tick(time_now: Time) U64 {\n            let time_diff = U64 (time_now - .original_start_time)\n            return .orig_start_tick + ((time_diff / 1000000) * .speed) / 1000000 // Double divide to prevent overflow\n        }\n\n        var run_target_tick = get_target_tick(time_now)\n\n        // Sleep any ahead of time away\n        while .tick > Int run_target_tick && get_command(ctl_command_id) == .last_command_id {\n\n            sleep(1.ms())\n            .tick -= 1\n            mode_refresh()\n            .tick += 1\n\n            run_target_tick = get_target_tick(get_time())\n\n        }\n\n    }\n\n}\n\nvar manual_input_seen = false\n\nrun_sim: while true {\n\n    reset_sim()\n\n    
2521	0x140a2d3b0	1349	0	
2522	0x140a2d3c0	1	0	
2523	0x140a2d3d0	5	0	
2524	0x140a2d3e0	4611686018427389547	1643	\n    while true {\n\n        mode_refresh()\n\n        #if in_scope(on_ui_update){\n\n            on_ui_update(.level_input, .level_output)\n\n        }\n\n        while get_command(ctl_command_id) == last_command_id {\n\n            #if in_scope(on_manual_input){\n\n                if last_level_manual_input != get_command(ctl_level_manual_input_id) {\n\n                    last_level_manual_input = get_command(ctl_level_manual_input_id)\n                    on_manual_input(Int get_command(ctl_level_manual_input))\n                    manual_input_seen = true\n\n                }\n\n            }\n\n            sleep(1.ms())\n\n        }\n\n        if manual_input_seen {\n\n            manual_input_seen = false\n            break\n\n        }\n\n        last_command_id = get_command(ctl_command_id) // Read this before the command in case of race condition\n        set_setting(sim_last_command_id, last_command_id)\n        var command = SimCommand get_command(ctl_command)\n\n        switch command\n\n            run {\n\n                var target_tick = Int get_setting(sim_target_tick)\n\n                set_setting(sim_running, U64 1)\n                mode_run(target_tick)\n                set_setting(sim_running, U64 0)\n\n            }\n\n            refresh {}\n\n            mode_reset {\n\n                var i = 0\n                while i < 1024 {\n                    input_replay[i] = ctl_input_replay_reset[i]\n                    i += 1\n                }\n\n                break\n\n            }\n\n            quit_simulation {\n\n                break run_sim // We need to break out instead of thread_exit() to make sure everything is cleaned up\n\n            }\n\n    }\n\n}\n\n
2525	0x140a2da60	1643	0	
483	0x140a2da80	18158795172534550527	0	
1509	0x140a2dac0	8	0	
2	0x140a2dae0	2254104393758672896	0	
509	0x140a2dae8	12211785271223650304	0	
